"LOCATION","INDICATOR","SUBJECT","MEASURE","FREQUENCY","TIME","Value","Flag Codes"
"AUT","SELFEMPWTEREDU","MEN","PC","A","1995",18.960147858,
"AUT","SELFEMPWTEREDU","MEN","PC","A","1996",18.994264603,
"AUT","SELFEMPWTEREDU","MEN","PC","A","1997",19.478326797,
"AUT","SELFEMPWTEREDU","MEN","PC","A","1998",20.212240219,"B"
"AUT","SELFEMPWTEREDU","MEN","PC","A","1999",21.199920654,
"AUT","SELFEMPWTEREDU","MEN","PC","A","2000",22.326883316,
"AUT","SELFEMPWTEREDU","MEN","PC","A","2001",22.574890137,
"AUT","SELFEMPWTEREDU","MEN","PC","A","2002",22.922512054,
"AUT","SELFEMPWTEREDU","MEN","PC","A","2003",22.955259323,
"AUT","SELFEMPWTEREDU","MEN","PC","A","2004",23.877239227,"B"
"AUT","SELFEMPWTEREDU","MEN","PC","A","2005",24.685796738,"B"
"AUT","SELFEMPWTEREDU","MEN","PC","A","2006",25.187282562,"B"
"AUT","SELFEMPWTEREDU","MEN","PC","A","2007",25.132684708,"B"
"AUT","SELFEMPWTEREDU","MEN","PC","A","2008",24.913831711,
"AUT","SELFEMPWTEREDU","MEN","PC","A","2009",24.765258789,
"AUT","SELFEMPWTEREDU","MEN","PC","A","2010",24.454063416,
"AUT","SELFEMPWTEREDU","MEN","PC","A","2011",23.463350296,
"AUT","SELFEMPWTEREDU","MEN","PC","A","2012",22.837898254,
"AUT","SELFEMPWTEREDU","MEN","PC","A","2013",21.083515167,
"AUT","SELFEMPWTEREDU","MEN","PC","A","2014",20.240674973,"B"
"AUT","SELFEMPWTEREDU","MEN","PC","A","2015",19.005205154,
"AUT","SELFEMPWTEREDU","MEN","PC","A","2016",18.781492233,
"AUT","SELFEMPWTEREDU","MEN","PC","A","2017",18.553487778,
"AUT","SELFEMPWTEREDU","MEN","PC","A","2018",18.438762665,
"AUT","SELFEMPWTEREDU","MEN","PC","A","2019",18.658411026,
"AUT","SELFEMPWTEREDU","WOMEN","PC","A","1995",9.6071243286,
"AUT","SELFEMPWTEREDU","WOMEN","PC","A","1996",10.207030296,
"AUT","SELFEMPWTEREDU","WOMEN","PC","A","1997",11.114082336,
"AUT","SELFEMPWTEREDU","WOMEN","PC","A","1998",11.330839157,"B"
"AUT","SELFEMPWTEREDU","WOMEN","PC","A","1999",11.787067413,
"AUT","SELFEMPWTEREDU","WOMEN","PC","A","2000",11.867511749,
"AUT","SELFEMPWTEREDU","WOMEN","PC","A","2001",11.511462212,
"AUT","SELFEMPWTEREDU","WOMEN","PC","A","2002",10.771914482,
"AUT","SELFEMPWTEREDU","WOMEN","PC","A","2003",11.185710907,
"AUT","SELFEMPWTEREDU","WOMEN","PC","A","2004",11.919718742,"B"
"AUT","SELFEMPWTEREDU","WOMEN","PC","A","2005",12.277274132,"B"
"AUT","SELFEMPWTEREDU","WOMEN","PC","A","2006",12.30921936,"B"
"AUT","SELFEMPWTEREDU","WOMEN","PC","A","2007",12.82544899,"B"
"AUT","SELFEMPWTEREDU","WOMEN","PC","A","2008",13.545217514,
"AUT","SELFEMPWTEREDU","WOMEN","PC","A","2009",13.347348213,
"AUT","SELFEMPWTEREDU","WOMEN","PC","A","2010",12.793053627,
"AUT","SELFEMPWTEREDU","WOMEN","PC","A","2011",12.342795372,
"AUT","SELFEMPWTEREDU","WOMEN","PC","A","2012",12.553742409,
"AUT","SELFEMPWTEREDU","WOMEN","PC","A","2013",11.853555679,
"AUT","SELFEMPWTEREDU","WOMEN","PC","A","2014",10.884854317,"B"
"AUT","SELFEMPWTEREDU","WOMEN","PC","A","2015",9.5252056122,
"AUT","SELFEMPWTEREDU","WOMEN","PC","A","2016",9.492099762,
"AUT","SELFEMPWTEREDU","WOMEN","PC","A","2017",9.8252859116,
"AUT","SELFEMPWTEREDU","WOMEN","PC","A","2018",10.243283272,
"AUT","SELFEMPWTEREDU","WOMEN","PC","A","2019",10.502643585,
"BEL","SELFEMPWTEREDU","MEN","PC","A","1992",20.371120453,"B"
"BEL","SELFEMPWTEREDU","MEN","PC","A","1993",20.465053558,
"BEL","SELFEMPWTEREDU","MEN","PC","A","1994",20.512376785,
"BEL","SELFEMPWTEREDU","MEN","PC","A","1995",20.264944077,
"BEL","SELFEMPWTEREDU","MEN","PC","A","1996",19.983423233,
"BEL","SELFEMPWTEREDU","MEN","PC","A","1997",20.357002258,
"BEL","SELFEMPWTEREDU","MEN","PC","A","1998",20.230010986,"B"
"BEL","SELFEMPWTEREDU","MEN","PC","A","1999",20.115243912,"B"
"BEL","SELFEMPWTEREDU","MEN","PC","A","2000",19.657230377,
"BEL","SELFEMPWTEREDU","MEN","PC","A","2001",19.887546539,"B"
"BEL","SELFEMPWTEREDU","MEN","PC","A","2002",19.429870605,
"BEL","SELFEMPWTEREDU","MEN","PC","A","2003",18.54545784,
"BEL","SELFEMPWTEREDU","MEN","PC","A","2004",18.139242172,
"BEL","SELFEMPWTEREDU","MEN","PC","A","2005",18.719913483,"B"
"BEL","SELFEMPWTEREDU","MEN","PC","A","2006",19.417955399,
"BEL","SELFEMPWTEREDU","MEN","PC","A","2007",19.412355423,
"BEL","SELFEMPWTEREDU","MEN","PC","A","2008",19.033330917,"B"
"BEL","SELFEMPWTEREDU","MEN","PC","A","2009",18.808185577,
"BEL","SELFEMPWTEREDU","MEN","PC","A","2010",18.535341263,
"BEL","SELFEMPWTEREDU","MEN","PC","A","2011",18.530126572,"B"
"BEL","SELFEMPWTEREDU","MEN","PC","A","2012",18.989845276,
"BEL","SELFEMPWTEREDU","MEN","PC","A","2013",19.429109573,
"BEL","SELFEMPWTEREDU","MEN","PC","A","2014",19.765872955,"B"
"BEL","SELFEMPWTEREDU","MEN","PC","A","2015",19.649736404,
"BEL","SELFEMPWTEREDU","MEN","PC","A","2016",19.194023132,
"BEL","SELFEMPWTEREDU","MEN","PC","A","2017",18.753608704,"B"
"BEL","SELFEMPWTEREDU","MEN","PC","A","2018",18.628152847,
"BEL","SELFEMPWTEREDU","MEN","PC","A","2019",18.851774216,
"BEL","SELFEMPWTEREDU","WOMEN","PC","A","1992",9.3243551254,"B"
"BEL","SELFEMPWTEREDU","WOMEN","PC","A","1993",9.4656324387,
"BEL","SELFEMPWTEREDU","WOMEN","PC","A","1994",9.8967113495,
"BEL","SELFEMPWTEREDU","WOMEN","PC","A","1995",9.8273611069,
"BEL","SELFEMPWTEREDU","WOMEN","PC","A","1996",9.9284095764,
"BEL","SELFEMPWTEREDU","WOMEN","PC","A","1997",9.970123291,
"BEL","SELFEMPWTEREDU","WOMEN","PC","A","1998",10.305651665,"B"
"BEL","SELFEMPWTEREDU","WOMEN","PC","A","1999",10.062805176,"B"
"BEL","SELFEMPWTEREDU","WOMEN","PC","A","2000",9.5569553375,
"BEL","SELFEMPWTEREDU","WOMEN","PC","A","2001",9.332701683,"B"
"BEL","SELFEMPWTEREDU","WOMEN","PC","A","2002",9.5614032745,
"BEL","SELFEMPWTEREDU","WOMEN","PC","A","2003",9.5761651993,
"BEL","SELFEMPWTEREDU","WOMEN","PC","A","2004",9.3658905029,
"BEL","SELFEMPWTEREDU","WOMEN","PC","A","2005",9.2324829102,"B"
"BEL","SELFEMPWTEREDU","WOMEN","PC","A","2006",9.3788022995,
"BEL","SELFEMPWTEREDU","WOMEN","PC","A","2007",9.5152635574,
"BEL","SELFEMPWTEREDU","WOMEN","PC","A","2008",9.5527467728,"B"
"BEL","SELFEMPWTEREDU","WOMEN","PC","A","2009",9.7672252655,
"BEL","SELFEMPWTEREDU","WOMEN","PC","A","2010",9.7786779404,
"BEL","SELFEMPWTEREDU","WOMEN","PC","A","2011",9.9447793961,"B"
"BEL","SELFEMPWTEREDU","WOMEN","PC","A","2012",10.029176712,
"BEL","SELFEMPWTEREDU","WOMEN","PC","A","2013",10.355983734,
"BEL","SELFEMPWTEREDU","WOMEN","PC","A","2014",10.544278145,"B"
"BEL","SELFEMPWTEREDU","WOMEN","PC","A","2015",10.685588837,
"BEL","SELFEMPWTEREDU","WOMEN","PC","A","2016",10.674407005,
"BEL","SELFEMPWTEREDU","WOMEN","PC","A","2017",10.620539665,"B"
"BEL","SELFEMPWTEREDU","WOMEN","PC","A","2018",10.698518753,
"BEL","SELFEMPWTEREDU","WOMEN","PC","A","2019",10.76849556,
"CAN","SELFEMPWTEREDU","MEN","PC","A","1990",18.724273682,
"CAN","SELFEMPWTEREDU","MEN","PC","A","1991",19.910482407,
"CAN","SELFEMPWTEREDU","MEN","PC","A","1992",20.366121292,
"CAN","SELFEMPWTEREDU","MEN","PC","A","1993",21.288322449,
"CAN","SELFEMPWTEREDU","MEN","PC","A","1994",20.210176468,
"CAN","SELFEMPWTEREDU","MEN","PC","A","1995",20.61507988,
"CAN","SELFEMPWTEREDU","MEN","PC","A","1996",21.359697342,
"CAN","SELFEMPWTEREDU","MEN","PC","A","1997",22.248907089,
"CAN","SELFEMPWTEREDU","MEN","PC","A","1998",22.443986893,
"CAN","SELFEMPWTEREDU","MEN","PC","A","1999",22.024793625,
"CAN","SELFEMPWTEREDU","MEN","PC","A","2000",21.569152832,
"CAN","SELFEMPWTEREDU","MEN","PC","A","2001",21.161582947,
"CAN","SELFEMPWTEREDU","MEN","PC","A","2002",21.25289917,
"CAN","SELFEMPWTEREDU","MEN","PC","A","2003",21.358379364,
"CAN","SELFEMPWTEREDU","MEN","PC","A","2004",21.607713699,
"CAN","SELFEMPWTEREDU","MEN","PC","A","2005",21.200946808,
"CAN","SELFEMPWTEREDU","MEN","PC","A","2006",21.039369583,
"CAN","SELFEMPWTEREDU","MEN","PC","A","2007",20.677436829,
"CAN","SELFEMPWTEREDU","MEN","PC","A","2008",20.919109344,
"CAN","SELFEMPWTEREDU","MEN","PC","A","2009",20.79656601,
"CAN","SELFEMPWTEREDU","MEN","PC","A","2010",20.881999969,
"CAN","SELFEMPWTEREDU","MEN","PC","A","2011",20.385059357,
"CAN","SELFEMPWTEREDU","MEN","PC","A","2012",19.832490921,
"CAN","SELFEMPWTEREDU","MEN","PC","A","2013",19.431043625,
"CAN","SELFEMPWTEREDU","MEN","PC","A","2014",19.040845871,
"CAN","SELFEMPWTEREDU","MEN","PC","A","2015",19.140184402,
"CAN","SELFEMPWTEREDU","MEN","PC","A","2016",18.970424652,
"CAN","SELFEMPWTEREDU","MEN","PC","A","2017",19.292699814,
"CAN","SELFEMPWTEREDU","WOMEN","PC","A","1990",9.4100265503,
"CAN","SELFEMPWTEREDU","WOMEN","PC","A","1991",9.7042808533,
"CAN","SELFEMPWTEREDU","WOMEN","PC","A","1992",9.3338975906,
"CAN","SELFEMPWTEREDU","WOMEN","PC","A","1993",10.017206192,
"CAN","SELFEMPWTEREDU","WOMEN","PC","A","1994",10.74189949,
"CAN","SELFEMPWTEREDU","WOMEN","PC","A","1995",11.280195236,
"CAN","SELFEMPWTEREDU","WOMEN","PC","A","1996",11.72761631,
"CAN","SELFEMPWTEREDU","WOMEN","PC","A","1997",12.497146606,
"CAN","SELFEMPWTEREDU","WOMEN","PC","A","1998",12.619460106,
"CAN","SELFEMPWTEREDU","WOMEN","PC","A","1999",12.620333672,
"CAN","SELFEMPWTEREDU","WOMEN","PC","A","2000",12.053186417,
"CAN","SELFEMPWTEREDU","WOMEN","PC","A","2001",11.905902863,
"CAN","SELFEMPWTEREDU","WOMEN","PC","A","2002",11.489246368,
"CAN","SELFEMPWTEREDU","WOMEN","PC","A","2003",11.595000267,
"CAN","SELFEMPWTEREDU","WOMEN","PC","A","2004",11.619606972,
"CAN","SELFEMPWTEREDU","WOMEN","PC","A","2005",11.701683044,
"CAN","SELFEMPWTEREDU","WOMEN","PC","A","2006",11.731713295,
"CAN","SELFEMPWTEREDU","WOMEN","PC","A","2007",11.713823318,
"CAN","SELFEMPWTEREDU","WOMEN","PC","A","2008",11.971476555,
"CAN","SELFEMPWTEREDU","WOMEN","PC","A","2009",11.980333328,
"CAN","SELFEMPWTEREDU","WOMEN","PC","A","2010",12.149916649,
"CAN","SELFEMPWTEREDU","WOMEN","PC","A","2011",11.902460098,
"CAN","SELFEMPWTEREDU","WOMEN","PC","A","2012",11.917949677,
"CAN","SELFEMPWTEREDU","WOMEN","PC","A","2013",11.857016563,
"CAN","SELFEMPWTEREDU","WOMEN","PC","A","2014",12.067183495,
"CAN","SELFEMPWTEREDU","WOMEN","PC","A","2015",12.139904976,
"CAN","SELFEMPWTEREDU","WOMEN","PC","A","2016",11.792884827,
"CAN","SELFEMPWTEREDU","WOMEN","PC","A","2017",11.688599586,
"CZE","SELFEMPWTEREDU","MEN","PC","A","1998",24.046367645,"B"
"CZE","SELFEMPWTEREDU","MEN","PC","A","1999",24.066194534,
"CZE","SELFEMPWTEREDU","MEN","PC","A","2000",23.954320908,
"CZE","SELFEMPWTEREDU","MEN","PC","A","2001",23.850940704,
"CZE","SELFEMPWTEREDU","MEN","PC","A","2002",24.927635193,
"CZE","SELFEMPWTEREDU","MEN","PC","A","2003",25.831586838,"B"
"CZE","SELFEMPWTEREDU","MEN","PC","A","2004",25.618305206,
"CZE","SELFEMPWTEREDU","MEN","PC","A","2005",23.89097023,"B"
"CZE","SELFEMPWTEREDU","MEN","PC","A","2006",23.251535416,
"CZE","SELFEMPWTEREDU","MEN","PC","A","2007",23.203170776,
"CZE","SELFEMPWTEREDU","MEN","PC","A","2008",23.184650421,
"CZE","SELFEMPWTEREDU","MEN","PC","A","2009",22.601062775,
"CZE","SELFEMPWTEREDU","MEN","PC","A","2010",22.25435257,
"CZE","SELFEMPWTEREDU","MEN","PC","A","2011",22.407684326,"B"
"CZE","SELFEMPWTEREDU","MEN","PC","A","2012",21.963136673,
"CZE","SELFEMPWTEREDU","MEN","PC","A","2013",22.02838707,
"CZE","SELFEMPWTEREDU","MEN","PC","A","2014",21.147565842,"B"
"CZE","SELFEMPWTEREDU","MEN","PC","A","2015",20.598829269,
"CZE","SELFEMPWTEREDU","MEN","PC","A","2016",20.106801987,
"CZE","SELFEMPWTEREDU","MEN","PC","A","2017",20.404466629,
"CZE","SELFEMPWTEREDU","MEN","PC","A","2018",20.562913895,
"CZE","SELFEMPWTEREDU","MEN","PC","A","2019",20.407554626,
"CZE","SELFEMPWTEREDU","WOMEN","PC","A","1998",14.109399796,"B"
"CZE","SELFEMPWTEREDU","WOMEN","PC","A","1999",14.168170929,
"CZE","SELFEMPWTEREDU","WOMEN","PC","A","2000",14.110404968,
"CZE","SELFEMPWTEREDU","WOMEN","PC","A","2001",14.288146973,
"CZE","SELFEMPWTEREDU","WOMEN","PC","A","2002",15.18534565,
"CZE","SELFEMPWTEREDU","WOMEN","PC","A","2003",15.884649277,"B"
"CZE","SELFEMPWTEREDU","WOMEN","PC","A","2004",15.623883247,
"CZE","SELFEMPWTEREDU","WOMEN","PC","A","2005",14.530367851,"B"
"CZE","SELFEMPWTEREDU","WOMEN","PC","A","2006",13.48494339,
"CZE","SELFEMPWTEREDU","WOMEN","PC","A","2007",13.862891197,
"CZE","SELFEMPWTEREDU","WOMEN","PC","A","2008",13.942644119,
"CZE","SELFEMPWTEREDU","WOMEN","PC","A","2009",14.299418449,
"CZE","SELFEMPWTEREDU","WOMEN","PC","A","2010",14.442225456,
"CZE","SELFEMPWTEREDU","WOMEN","PC","A","2011",14.796523094,"B"
"CZE","SELFEMPWTEREDU","WOMEN","PC","A","2012",15.042701721,
"CZE","SELFEMPWTEREDU","WOMEN","PC","A","2013",14.786568642,
"CZE","SELFEMPWTEREDU","WOMEN","PC","A","2014",13.869177818,"B"
"CZE","SELFEMPWTEREDU","WOMEN","PC","A","2015",13.404232025,
"CZE","SELFEMPWTEREDU","WOMEN","PC","A","2016",13.22293663,
"CZE","SELFEMPWTEREDU","WOMEN","PC","A","2017",13.441422462,
"CZE","SELFEMPWTEREDU","WOMEN","PC","A","2018",13.477519035,
"CZE","SELFEMPWTEREDU","WOMEN","PC","A","2019",13.377824783,
"DNK","SELFEMPWTEREDU","MEN","PC","A","1992",10.751386642,
"DNK","SELFEMPWTEREDU","MEN","PC","A","1993",10.487092972,
"DNK","SELFEMPWTEREDU","MEN","PC","A","1994",10.202415466,
"DNK","SELFEMPWTEREDU","MEN","PC","A","1995",9.860461235,
"DNK","SELFEMPWTEREDU","MEN","PC","A","1996",10.364459038,
"DNK","SELFEMPWTEREDU","MEN","PC","A","1997",10.38537693,
"DNK","SELFEMPWTEREDU","MEN","PC","A","1998",11.000858307,"B"
"DNK","SELFEMPWTEREDU","MEN","PC","A","1999",11.32618618,
"DNK","SELFEMPWTEREDU","MEN","PC","A","2000",12.444629669,
"DNK","SELFEMPWTEREDU","MEN","PC","A","2001",11.86989975,
"DNK","SELFEMPWTEREDU","MEN","PC","A","2002",11.031060219,
"DNK","SELFEMPWTEREDU","MEN","PC","A","2003",9.9313554764,"B"
"DNK","SELFEMPWTEREDU","MEN","PC","A","2004",10.064554214,
"DNK","SELFEMPWTEREDU","MEN","PC","A","2005",10.215114594,"B"
"DNK","SELFEMPWTEREDU","MEN","PC","A","2006",10.689675331,
"DNK","SELFEMPWTEREDU","MEN","PC","A","2007",11.198493958,"B"
"DNK","SELFEMPWTEREDU","MEN","PC","A","2008",11.89451313,"B"
"DNK","SELFEMPWTEREDU","MEN","PC","A","2009",12.19482708,
"DNK","SELFEMPWTEREDU","MEN","PC","A","2010",11.379678726,
"DNK","SELFEMPWTEREDU","MEN","PC","A","2011",10.611147881,
"DNK","SELFEMPWTEREDU","MEN","PC","A","2012",9.9942092896,
"DNK","SELFEMPWTEREDU","MEN","PC","A","2013",9.9384422302,
"DNK","SELFEMPWTEREDU","MEN","PC","A","2014",9.8142614365,"B"
"DNK","SELFEMPWTEREDU","MEN","PC","A","2015",9.855389595,
"DNK","SELFEMPWTEREDU","MEN","PC","A","2016",9.35866642,"B"
"DNK","SELFEMPWTEREDU","MEN","PC","A","2017",8.8676977158,"B"
"DNK","SELFEMPWTEREDU","MEN","PC","A","2018",8.2453403473,
"DNK","SELFEMPWTEREDU","MEN","PC","A","2019",8.2165088654,
"DNK","SELFEMPWTEREDU","WOMEN","PC","A","1992",3.2137126923,
"DNK","SELFEMPWTEREDU","WOMEN","PC","A","1993",3.4317312241,
"DNK","SELFEMPWTEREDU","WOMEN","PC","A","1994",3.7954707146,
"DNK","SELFEMPWTEREDU","WOMEN","PC","A","1995",4.0285983086,
"DNK","SELFEMPWTEREDU","WOMEN","PC","A","1996",3.9435195923,
"DNK","SELFEMPWTEREDU","WOMEN","PC","A","1997",4.054693222,
"DNK","SELFEMPWTEREDU","WOMEN","PC","A","1998",4.1950025558,"B"
"DNK","SELFEMPWTEREDU","WOMEN","PC","A","1999",4.1945567131,
"DNK","SELFEMPWTEREDU","WOMEN","PC","A","2000",3.8919956684,
"DNK","SELFEMPWTEREDU","WOMEN","PC","A","2001",3.8398873806,
"DNK","SELFEMPWTEREDU","WOMEN","PC","A","2002",3.9653255939,
"DNK","SELFEMPWTEREDU","WOMEN","PC","A","2003",3.851064682,"B"
"DNK","SELFEMPWTEREDU","WOMEN","PC","A","2004",3.8566224575,
"DNK","SELFEMPWTEREDU","WOMEN","PC","A","2005",4.1763510704,"B"
"DNK","SELFEMPWTEREDU","WOMEN","PC","A","2006",4.5832781792,
"DNK","SELFEMPWTEREDU","WOMEN","PC","A","2007",4.6725254059,"B"
"DNK","SELFEMPWTEREDU","WOMEN","PC","A","2008",4.6553816795,"B"
"DNK","SELFEMPWTEREDU","WOMEN","PC","A","2009",4.6219029427,
"DNK","SELFEMPWTEREDU","WOMEN","PC","A","2010",4.5222592354,
"DNK","SELFEMPWTEREDU","WOMEN","PC","A","2011",4.3875317574,
"DNK","SELFEMPWTEREDU","WOMEN","PC","A","2012",4.3981485367,
"DNK","SELFEMPWTEREDU","WOMEN","PC","A","2013",4.5529360771,
"DNK","SELFEMPWTEREDU","WOMEN","PC","A","2014",4.6205487251,"B"
"DNK","SELFEMPWTEREDU","WOMEN","PC","A","2015",4.7710881233,
"DNK","SELFEMPWTEREDU","WOMEN","PC","A","2016",4.6775927544,"B"
"DNK","SELFEMPWTEREDU","WOMEN","PC","A","2017",4.4812679291,"B"
"DNK","SELFEMPWTEREDU","WOMEN","PC","A","2018",4.3209867477,
"DNK","SELFEMPWTEREDU","WOMEN","PC","A","2019",4.3373026848,
"FIN","SELFEMPWTEREDU","MEN","PC","A","1995",11.189175606,
"FIN","SELFEMPWTEREDU","MEN","PC","A","1996",11.463137627,
"FIN","SELFEMPWTEREDU","MEN","PC","A","1997",11.813746452,
"FIN","SELFEMPWTEREDU","MEN","PC","A","1998",12.428208351,"B"
"FIN","SELFEMPWTEREDU","MEN","PC","A","1999",12.706114769,
"FIN","SELFEMPWTEREDU","MEN","PC","A","2000",12.400791168,"B"
"FIN","SELFEMPWTEREDU","MEN","PC","A","2001",12.471949577,
"FIN","SELFEMPWTEREDU","MEN","PC","A","2002",12.218748093,
"FIN","SELFEMPWTEREDU","MEN","PC","A","2003",12.422446251,
"FIN","SELFEMPWTEREDU","MEN","PC","A","2004",12.432941437,
"FIN","SELFEMPWTEREDU","MEN","PC","A","2005",12.656877518,"B"
"FIN","SELFEMPWTEREDU","MEN","PC","A","2006",12.466571808,
"FIN","SELFEMPWTEREDU","MEN","PC","A","2007",12.622190475,
"FIN","SELFEMPWTEREDU","MEN","PC","A","2008",12.779166222,"B"
"FIN","SELFEMPWTEREDU","MEN","PC","A","2009",12.701405525,
"FIN","SELFEMPWTEREDU","MEN","PC","A","2010",12.672740936,
"FIN","SELFEMPWTEREDU","MEN","PC","A","2011",12.765581131,
"FIN","SELFEMPWTEREDU","MEN","PC","A","2012",13.322655678,
"FIN","SELFEMPWTEREDU","MEN","PC","A","2013",13.538280487,
"FIN","SELFEMPWTEREDU","MEN","PC","A","2014",13.534275055,"B"
"FIN","SELFEMPWTEREDU","MEN","PC","A","2015",13.444926262,
"FIN","SELFEMPWTEREDU","MEN","PC","A","2016",13.299215317,
"FIN","SELFEMPWTEREDU","MEN","PC","A","2017",13.217637062,
"FIN","SELFEMPWTEREDU","MEN","PC","A","2018",12.949810028,
"FIN","SELFEMPWTEREDU","MEN","PC","A","2019",12.981983185,
"FIN","SELFEMPWTEREDU","WOMEN","PC","A","1995",4.369225502,
"FIN","SELFEMPWTEREDU","WOMEN","PC","A","1996",4.6313228607,
"FIN","SELFEMPWTEREDU","WOMEN","PC","A","1997",4.9079442024,
"FIN","SELFEMPWTEREDU","WOMEN","PC","A","1998",5.2560529709,"B"
"FIN","SELFEMPWTEREDU","WOMEN","PC","A","1999",5.4633674622,
"FIN","SELFEMPWTEREDU","WOMEN","PC","A","2000",5.7635760307,"B"
"FIN","SELFEMPWTEREDU","WOMEN","PC","A","2001",6.212407589,
"FIN","SELFEMPWTEREDU","WOMEN","PC","A","2002",6.3424210548,
"FIN","SELFEMPWTEREDU","WOMEN","PC","A","2003",6.2973632813,
"FIN","SELFEMPWTEREDU","WOMEN","PC","A","2004",6.0622210503,
"FIN","SELFEMPWTEREDU","WOMEN","PC","A","2005",6.2031197548,"B"
"FIN","SELFEMPWTEREDU","WOMEN","PC","A","2006",6.2517347336,
"FIN","SELFEMPWTEREDU","WOMEN","PC","A","2007",6.4754505157,
"FIN","SELFEMPWTEREDU","WOMEN","PC","A","2008",6.6272172928,"B"
"FIN","SELFEMPWTEREDU","WOMEN","PC","A","2009",6.862449646,
"FIN","SELFEMPWTEREDU","WOMEN","PC","A","2010",7.0233530998,
"FIN","SELFEMPWTEREDU","WOMEN","PC","A","2011",6.9785251617,
"FIN","SELFEMPWTEREDU","WOMEN","PC","A","2012",6.9522819519,
"FIN","SELFEMPWTEREDU","WOMEN","PC","A","2013",7.0074558258,
"FIN","SELFEMPWTEREDU","WOMEN","PC","A","2014",7.2081022263,"B"
"FIN","SELFEMPWTEREDU","WOMEN","PC","A","2015",7.3220019341,
"FIN","SELFEMPWTEREDU","WOMEN","PC","A","2016",7.3612651825,
"FIN","SELFEMPWTEREDU","WOMEN","PC","A","2017",7.36876297,
"FIN","SELFEMPWTEREDU","WOMEN","PC","A","2018",7.7571525574,
"FIN","SELFEMPWTEREDU","WOMEN","PC","A","2019",7.8688907623,
"FRA","SELFEMPWTEREDU","MEN","PC","A","1993",17.029220581,
"FRA","SELFEMPWTEREDU","MEN","PC","A","1994",17.131608963,
"FRA","SELFEMPWTEREDU","MEN","PC","A","1995",17.28291893,
"FRA","SELFEMPWTEREDU","MEN","PC","A","1996",17.02845192,
"FRA","SELFEMPWTEREDU","MEN","PC","A","1997",16.513685226,
"FRA","SELFEMPWTEREDU","MEN","PC","A","1998",15.769412994,"B"
"FRA","SELFEMPWTEREDU","MEN","PC","A","1999",15.046994209,
"FRA","SELFEMPWTEREDU","MEN","PC","A","2000",14.27240181,
"FRA","SELFEMPWTEREDU","MEN","PC","A","2001",13.641543388,
"FRA","SELFEMPWTEREDU","MEN","PC","A","2002",13.78908062,
"FRA","SELFEMPWTEREDU","MEN","PC","A","2003",13.996114731,"B"
"FRA","SELFEMPWTEREDU","MEN","PC","A","2004",14.266036987,
"FRA","SELFEMPWTEREDU","MEN","PC","A","2005",14.270340919,"B"
"FRA","SELFEMPWTEREDU","MEN","PC","A","2006",14.546931267,
"FRA","SELFEMPWTEREDU","MEN","PC","A","2007",14.629343987,
"FRA","SELFEMPWTEREDU","MEN","PC","A","2008",14.606304169,
"FRA","SELFEMPWTEREDU","MEN","PC","A","2009",14.672701836,
"FRA","SELFEMPWTEREDU","MEN","PC","A","2010",15.085606575,
"FRA","SELFEMPWTEREDU","MEN","PC","A","2011",15.205573082,
"FRA","SELFEMPWTEREDU","MEN","PC","A","2012",14.971029282,
"FRA","SELFEMPWTEREDU","MEN","PC","A","2013",14.802240372,"B"
"FRA","SELFEMPWTEREDU","MEN","PC","A","2014",14.812857628,"B"
"FRA","SELFEMPWTEREDU","MEN","PC","A","2015",14.948320389,
"FRA","SELFEMPWTEREDU","MEN","PC","A","2016",14.895570755,
"FRA","SELFEMPWTEREDU","MEN","PC","A","2017",14.935553551,
"FRA","SELFEMPWTEREDU","MEN","PC","A","2018",15.18168354,
"FRA","SELFEMPWTEREDU","MEN","PC","A","2019",15.328432083,
"FRA","SELFEMPWTEREDU","WOMEN","PC","A","1993",8.1052036285,
"FRA","SELFEMPWTEREDU","WOMEN","PC","A","1994",8.3001422882,
"FRA","SELFEMPWTEREDU","WOMEN","PC","A","1995",8.6125907898,
"FRA","SELFEMPWTEREDU","WOMEN","PC","A","1996",8.760890007,
"FRA","SELFEMPWTEREDU","WOMEN","PC","A","1997",8.501408577,
"FRA","SELFEMPWTEREDU","WOMEN","PC","A","1998",8.149553299,"B"
"FRA","SELFEMPWTEREDU","WOMEN","PC","A","1999",7.8191976547,
"FRA","SELFEMPWTEREDU","WOMEN","PC","A","2000",7.6811718941,
"FRA","SELFEMPWTEREDU","WOMEN","PC","A","2001",7.3549294472,
"FRA","SELFEMPWTEREDU","WOMEN","PC","A","2002",7.2885837555,
"FRA","SELFEMPWTEREDU","WOMEN","PC","A","2003",7.1933727264,"B"
"FRA","SELFEMPWTEREDU","WOMEN","PC","A","2004",7.3844571114,
"FRA","SELFEMPWTEREDU","WOMEN","PC","A","2005",7.3538718224,"B"
"FRA","SELFEMPWTEREDU","WOMEN","PC","A","2006",7.5609841347,
"FRA","SELFEMPWTEREDU","WOMEN","PC","A","2007",7.8244724274,
"FRA","SELFEMPWTEREDU","WOMEN","PC","A","2008",7.9655184746,
"FRA","SELFEMPWTEREDU","WOMEN","PC","A","2009",8.1312828064,
"FRA","SELFEMPWTEREDU","WOMEN","PC","A","2010",8.2248020172,
"FRA","SELFEMPWTEREDU","WOMEN","PC","A","2011",8.4791297913,
"FRA","SELFEMPWTEREDU","WOMEN","PC","A","2012",8.5909976959,
"FRA","SELFEMPWTEREDU","WOMEN","PC","A","2013",8.8178367615,"B"
"FRA","SELFEMPWTEREDU","WOMEN","PC","A","2014",9.0988073349,"B"
"FRA","SELFEMPWTEREDU","WOMEN","PC","A","2015",9.4908809662,
"FRA","SELFEMPWTEREDU","WOMEN","PC","A","2016",9.8419532776,
"FRA","SELFEMPWTEREDU","WOMEN","PC","A","2017",10.056533813,
"FRA","SELFEMPWTEREDU","WOMEN","PC","A","2018",10.341616631,
"FRA","SELFEMPWTEREDU","WOMEN","PC","A","2019",10.405193329,
"DEU","SELFEMPWTEREDU","MEN","PC","A","1992",18.571779251,
"DEU","SELFEMPWTEREDU","MEN","PC","A","1993",18.795953751,
"DEU","SELFEMPWTEREDU","MEN","PC","A","1994",19.202661514,
"DEU","SELFEMPWTEREDU","MEN","PC","A","1995",19.506023407,
"DEU","SELFEMPWTEREDU","MEN","PC","A","1996",19.787796021,"B"
"DEU","SELFEMPWTEREDU","MEN","PC","A","1997",20.188285828,
"DEU","SELFEMPWTEREDU","MEN","PC","A","1999",20.482898712,
"DEU","SELFEMPWTEREDU","MEN","PC","A","2000",20.740488052,
"DEU","SELFEMPWTEREDU","MEN","PC","A","2001",20.699417114,
"DEU","SELFEMPWTEREDU","MEN","PC","A","2002",20.938657761,
"DEU","SELFEMPWTEREDU","MEN","PC","A","2003",21.250450134,
"DEU","SELFEMPWTEREDU","MEN","PC","A","2004",21.823993683,
"DEU","SELFEMPWTEREDU","MEN","PC","A","2005",21.963037491,"B"
"DEU","SELFEMPWTEREDU","MEN","PC","A","2006",21.918584824,
"DEU","SELFEMPWTEREDU","MEN","PC","A","2007",21.602304459,
"DEU","SELFEMPWTEREDU","MEN","PC","A","2008",21.486131668,
"DEU","SELFEMPWTEREDU","MEN","PC","A","2009",21.421398163,
"DEU","SELFEMPWTEREDU","MEN","PC","A","2010",21.356105804,"B"
"DEU","SELFEMPWTEREDU","MEN","PC","A","2011",21.156442642,"B"
"DEU","SELFEMPWTEREDU","MEN","PC","A","2012",20.696878433,
"DEU","SELFEMPWTEREDU","MEN","PC","A","2013",20.180919647,
"DEU","SELFEMPWTEREDU","MEN","PC","A","2014",19.475481033,"B"
"DEU","SELFEMPWTEREDU","MEN","PC","A","2015",18.803325653,
"DEU","SELFEMPWTEREDU","MEN","PC","A","2016",18.106864929,
"DEU","SELFEMPWTEREDU","MEN","PC","A","2017",17.446496964,
"DEU","SELFEMPWTEREDU","MEN","PC","A","2018",16.844303131,
"DEU","SELFEMPWTEREDU","MEN","PC","A","2019",16.541038513,
"DEU","SELFEMPWTEREDU","WOMEN","PC","A","1992",9.4239730835,
"DEU","SELFEMPWTEREDU","WOMEN","PC","A","1993",9.4475002289,
"DEU","SELFEMPWTEREDU","WOMEN","PC","A","1994",9.9393644333,
"DEU","SELFEMPWTEREDU","WOMEN","PC","A","1995",10.216986656,
"DEU","SELFEMPWTEREDU","WOMEN","PC","A","1996",10.759002686,"B"
"DEU","SELFEMPWTEREDU","WOMEN","PC","A","1997",11.053873062,
"DEU","SELFEMPWTEREDU","WOMEN","PC","A","1999",11.256110191,
"DEU","SELFEMPWTEREDU","WOMEN","PC","A","2000",11.402705193,
"DEU","SELFEMPWTEREDU","WOMEN","PC","A","2001",11.370800972,
"DEU","SELFEMPWTEREDU","WOMEN","PC","A","2002",11.499837875,
"DEU","SELFEMPWTEREDU","WOMEN","PC","A","2003",11.794403076,
"DEU","SELFEMPWTEREDU","WOMEN","PC","A","2004",12.646316528,
"DEU","SELFEMPWTEREDU","WOMEN","PC","A","2005",13.298709869,"B"
"DEU","SELFEMPWTEREDU","WOMEN","PC","A","2006",13.661521912,
"DEU","SELFEMPWTEREDU","WOMEN","PC","A","2007",13.471096039,
"DEU","SELFEMPWTEREDU","WOMEN","PC","A","2008",13.215698242,
"DEU","SELFEMPWTEREDU","WOMEN","PC","A","2009",13.197135925,
"DEU","SELFEMPWTEREDU","WOMEN","PC","A","2010",13.118202209,"B"
"DEU","SELFEMPWTEREDU","WOMEN","PC","A","2011",13.008678436,"B"
"DEU","SELFEMPWTEREDU","WOMEN","PC","A","2012",12.563364029,
"DEU","SELFEMPWTEREDU","WOMEN","PC","A","2013",12.518522263,
"DEU","SELFEMPWTEREDU","WOMEN","PC","A","2014",12.395647049,"B"
"DEU","SELFEMPWTEREDU","WOMEN","PC","A","2015",12.2446661,
"DEU","SELFEMPWTEREDU","WOMEN","PC","A","2016",11.72106266,
"DEU","SELFEMPWTEREDU","WOMEN","PC","A","2017",11.285207748,
"DEU","SELFEMPWTEREDU","WOMEN","PC","A","2018",10.883283615,
"DEU","SELFEMPWTEREDU","WOMEN","PC","A","2019",10.706220627,
"GRC","SELFEMPWTEREDU","MEN","PC","A","1992",27.584041595,
"GRC","SELFEMPWTEREDU","MEN","PC","A","1993",27.213153839,
"GRC","SELFEMPWTEREDU","MEN","PC","A","1994",26.966733932,
"GRC","SELFEMPWTEREDU","MEN","PC","A","1995",26.868543625,
"GRC","SELFEMPWTEREDU","MEN","PC","A","1996",26.914003372,
"GRC","SELFEMPWTEREDU","MEN","PC","A","1997",27.685001373,
"GRC","SELFEMPWTEREDU","MEN","PC","A","1998",28.011209488,"B"
"GRC","SELFEMPWTEREDU","MEN","PC","A","1999",28.339635849,
"GRC","SELFEMPWTEREDU","MEN","PC","A","2000",27.672986984,
"GRC","SELFEMPWTEREDU","MEN","PC","A","2001",27.426343918,"B"
"GRC","SELFEMPWTEREDU","MEN","PC","A","2002",27.014345169,
"GRC","SELFEMPWTEREDU","MEN","PC","A","2003",26.657985687,
"GRC","SELFEMPWTEREDU","MEN","PC","A","2004",26.487260818,"B"
"GRC","SELFEMPWTEREDU","MEN","PC","A","2005",26.901556015,"B"
"GRC","SELFEMPWTEREDU","MEN","PC","A","2006",27.160625458,
"GRC","SELFEMPWTEREDU","MEN","PC","A","2007",27.107206345,
"GRC","SELFEMPWTEREDU","MEN","PC","A","2008",26.778850555,
"GRC","SELFEMPWTEREDU","MEN","PC","A","2009",26.451131821,"B"
"GRC","SELFEMPWTEREDU","MEN","PC","A","2010",26.986169815,
"GRC","SELFEMPWTEREDU","MEN","PC","A","2011",27.480108261,
"GRC","SELFEMPWTEREDU","MEN","PC","A","2012",28.131168365,
"GRC","SELFEMPWTEREDU","MEN","PC","A","2013",28.396465302,
"GRC","SELFEMPWTEREDU","MEN","PC","A","2014",28.527317047,"B"
"GRC","SELFEMPWTEREDU","MEN","PC","A","2015",28.153530121,
"GRC","SELFEMPWTEREDU","MEN","PC","A","2016",27.645786285,
"GRC","SELFEMPWTEREDU","MEN","PC","A","2017",27.201889038,
"GRC","SELFEMPWTEREDU","MEN","PC","A","2018",26.911794662,
"GRC","SELFEMPWTEREDU","MEN","PC","A","2019",26.548748016,
"GRC","SELFEMPWTEREDU","WOMEN","PC","A","1992",16.09989357,
"GRC","SELFEMPWTEREDU","WOMEN","PC","A","1993",16.028713226,
"GRC","SELFEMPWTEREDU","WOMEN","PC","A","1994",15.821425438,
"GRC","SELFEMPWTEREDU","WOMEN","PC","A","1995",15.865857124,
"GRC","SELFEMPWTEREDU","WOMEN","PC","A","1996",15.636889458,
"GRC","SELFEMPWTEREDU","WOMEN","PC","A","1997",16.209793091,
"GRC","SELFEMPWTEREDU","WOMEN","PC","A","1998",15.943042755,"B"
"GRC","SELFEMPWTEREDU","WOMEN","PC","A","1999",16.226951599,
"GRC","SELFEMPWTEREDU","WOMEN","PC","A","2000",15.889525414,
"GRC","SELFEMPWTEREDU","WOMEN","PC","A","2001",15.839082718,"B"
"GRC","SELFEMPWTEREDU","WOMEN","PC","A","2002",15.583164215,
"GRC","SELFEMPWTEREDU","WOMEN","PC","A","2003",15.050094604,
"GRC","SELFEMPWTEREDU","WOMEN","PC","A","2004",15.001110077,"B"
"GRC","SELFEMPWTEREDU","WOMEN","PC","A","2005",15.197131157,"B"
"GRC","SELFEMPWTEREDU","WOMEN","PC","A","2006",15.510546684,
"GRC","SELFEMPWTEREDU","WOMEN","PC","A","2007",15.544466972,
"GRC","SELFEMPWTEREDU","WOMEN","PC","A","2008",15.161377907,
"GRC","SELFEMPWTEREDU","WOMEN","PC","A","2009",15.405192375,"B"
"GRC","SELFEMPWTEREDU","WOMEN","PC","A","2010",15.766868591,
"GRC","SELFEMPWTEREDU","WOMEN","PC","A","2011",16.480211258,
"GRC","SELFEMPWTEREDU","WOMEN","PC","A","2012",16.887563705,
"GRC","SELFEMPWTEREDU","WOMEN","PC","A","2013",17.100673676,
"GRC","SELFEMPWTEREDU","WOMEN","PC","A","2014",17.196121216,"B"
"GRC","SELFEMPWTEREDU","WOMEN","PC","A","2015",17.126718521,
"GRC","SELFEMPWTEREDU","WOMEN","PC","A","2016",16.927257538,
"GRC","SELFEMPWTEREDU","WOMEN","PC","A","2017",16.765792847,
"GRC","SELFEMPWTEREDU","WOMEN","PC","A","2018",16.574575424,
"GRC","SELFEMPWTEREDU","WOMEN","PC","A","2019",16.605890274,
"HUN","SELFEMPWTEREDU","MEN","PC","A","1997",20.667490005,
"HUN","SELFEMPWTEREDU","MEN","PC","A","1998",20.281625748,"B"
"HUN","SELFEMPWTEREDU","MEN","PC","A","1999",20.641073227,
"HUN","SELFEMPWTEREDU","MEN","PC","A","2000",20.491809845,
"HUN","SELFEMPWTEREDU","MEN","PC","A","2001",20.518573761,"B"
"HUN","SELFEMPWTEREDU","MEN","PC","A","2002",20.358606339,
"HUN","SELFEMPWTEREDU","MEN","PC","A","2003",20.88977623,
"HUN","SELFEMPWTEREDU","MEN","PC","A","2004",21.464677811,
"HUN","SELFEMPWTEREDU","MEN","PC","A","2005",20.947059631,"B"
"HUN","SELFEMPWTEREDU","MEN","PC","A","2006",19.987962723,
"HUN","SELFEMPWTEREDU","MEN","PC","A","2007",19.165206909,
"HUN","SELFEMPWTEREDU","MEN","PC","A","2008",18.958089828,
"HUN","SELFEMPWTEREDU","MEN","PC","A","2009",18.800144196,
"HUN","SELFEMPWTEREDU","MEN","PC","A","2010",18.978242874,
"HUN","SELFEMPWTEREDU","MEN","PC","A","2011",18.829534531,
"HUN","SELFEMPWTEREDU","MEN","PC","A","2012",18.892940521,
"HUN","SELFEMPWTEREDU","MEN","PC","A","2013",18.157020569,
"HUN","SELFEMPWTEREDU","MEN","PC","A","2014",17.790428162,"B"
"HUN","SELFEMPWTEREDU","MEN","PC","A","2015",17.040159225,
"HUN","SELFEMPWTEREDU","MEN","PC","A","2016",16.064037323,
"HUN","SELFEMPWTEREDU","MEN","PC","A","2017",15.511014938,
"HUN","SELFEMPWTEREDU","MEN","PC","A","2018",15.24250412,
"HUN","SELFEMPWTEREDU","MEN","PC","A","2019",15.741357803,
"HUN","SELFEMPWTEREDU","WOMEN","PC","A","1997",9.3028907776,
"HUN","SELFEMPWTEREDU","WOMEN","PC","A","1998",9.3334512711,"B"
"HUN","SELFEMPWTEREDU","WOMEN","PC","A","1999",9.693939209,
"HUN","SELFEMPWTEREDU","WOMEN","PC","A","2000",9.5538034439,
"HUN","SELFEMPWTEREDU","WOMEN","PC","A","2001",9.591293335,"B"
"HUN","SELFEMPWTEREDU","WOMEN","PC","A","2002",9.2504520416,
"HUN","SELFEMPWTEREDU","WOMEN","PC","A","2003",9.4454936981,
"HUN","SELFEMPWTEREDU","WOMEN","PC","A","2004",9.468296051,
"HUN","SELFEMPWTEREDU","WOMEN","PC","A","2005",9.3304157257,"B"
"HUN","SELFEMPWTEREDU","WOMEN","PC","A","2006",8.6774616241,
"HUN","SELFEMPWTEREDU","WOMEN","PC","A","2007",8.1599321365,
"HUN","SELFEMPWTEREDU","WOMEN","PC","A","2008",8.2305450439,
"HUN","SELFEMPWTEREDU","WOMEN","PC","A","2009",8.6708126068,
"HUN","SELFEMPWTEREDU","WOMEN","PC","A","2010",8.682516098,
"HUN","SELFEMPWTEREDU","WOMEN","PC","A","2011",8.5112266541,
"HUN","SELFEMPWTEREDU","WOMEN","PC","A","2012",8.0257768631,
"HUN","SELFEMPWTEREDU","WOMEN","PC","A","2013",7.9130649567,
"HUN","SELFEMPWTEREDU","WOMEN","PC","A","2014",8.1253061295,"B"
"HUN","SELFEMPWTEREDU","WOMEN","PC","A","2015",8.5123405457,
"HUN","SELFEMPWTEREDU","WOMEN","PC","A","2016",8.6897907257,
"HUN","SELFEMPWTEREDU","WOMEN","PC","A","2017",8.6763629913,
"HUN","SELFEMPWTEREDU","WOMEN","PC","A","2018",8.7072486877,
"HUN","SELFEMPWTEREDU","WOMEN","PC","A","2019",8.9347791672,
"ISL","SELFEMPWTEREDU","MEN","PC","A","1999",19.145048141,
"ISL","SELFEMPWTEREDU","MEN","PC","A","2000",17.971698761,
"ISL","SELFEMPWTEREDU","MEN","PC","A","2001",16.937316895,
"ISL","SELFEMPWTEREDU","MEN","PC","A","2002",15.38544178,
"ISL","SELFEMPWTEREDU","MEN","PC","A","2003",15.362294197,"B"
"ISL","SELFEMPWTEREDU","MEN","PC","A","2004",15.27527523,
"ISL","SELFEMPWTEREDU","MEN","PC","A","2005",14.728522301,"B"
"ISL","SELFEMPWTEREDU","MEN","PC","A","2006",14.602860451,
"ISL","SELFEMPWTEREDU","MEN","PC","A","2007",14.212203979,
"ISL","SELFEMPWTEREDU","MEN","PC","A","2008",14.316697121,
"ISL","SELFEMPWTEREDU","MEN","PC","A","2009",13.140668869,
"ISL","SELFEMPWTEREDU","MEN","PC","A","2010",11.79418087,
"ISL","SELFEMPWTEREDU","MEN","PC","A","2011",11.527292252,
"ISL","SELFEMPWTEREDU","MEN","PC","A","2012",12.221765518,
"ISL","SELFEMPWTEREDU","MEN","PC","A","2013",14.086007118,
"ISL","SELFEMPWTEREDU","MEN","PC","A","2014",15.710471153,"B"
"ISL","SELFEMPWTEREDU","MEN","PC","A","2015",15.963420868,
"ISL","SELFEMPWTEREDU","MEN","PC","A","2016",14.971338272,
"ISL","SELFEMPWTEREDU","MEN","PC","A","2017",13.631189346,
"ISL","SELFEMPWTEREDU","MEN","PC","A","2018",13.742132187,
"ISL","SELFEMPWTEREDU","MEN","PC","A","2019",13.802566528,
"ISL","SELFEMPWTEREDU","WOMEN","PC","A","1999",8.7910556793,
"ISL","SELFEMPWTEREDU","WOMEN","PC","A","2000",8.2416563034,
"ISL","SELFEMPWTEREDU","WOMEN","PC","A","2001",8.2546520233,
"ISL","SELFEMPWTEREDU","WOMEN","PC","A","2002",7.276664257,
"ISL","SELFEMPWTEREDU","WOMEN","PC","A","2003",8.2627153397,"B"
"ISL","SELFEMPWTEREDU","WOMEN","PC","A","2004",7.6842074394,
"ISL","SELFEMPWTEREDU","WOMEN","PC","A","2005",8.1438035965,"B"
"ISL","SELFEMPWTEREDU","WOMEN","PC","A","2006",7.5424480438,
"ISL","SELFEMPWTEREDU","WOMEN","PC","A","2007",7.8610463142,
"ISL","SELFEMPWTEREDU","WOMEN","PC","A","2008",7.3262872696,
"ISL","SELFEMPWTEREDU","WOMEN","PC","A","2009",7.1725792885,
"ISL","SELFEMPWTEREDU","WOMEN","PC","A","2010",7.6585259438,
"ISL","SELFEMPWTEREDU","WOMEN","PC","A","2011",7.9081597328,
"ISL","SELFEMPWTEREDU","WOMEN","PC","A","2012",7.6064505577,
"ISL","SELFEMPWTEREDU","WOMEN","PC","A","2013",7.1750273705,
"ISL","SELFEMPWTEREDU","WOMEN","PC","A","2014",6.9472427368,"B"
"ISL","SELFEMPWTEREDU","WOMEN","PC","A","2015",6.7817840576,
"ISL","SELFEMPWTEREDU","WOMEN","PC","A","2016",6.5251274109,
"ISL","SELFEMPWTEREDU","WOMEN","PC","A","2017",7.1440153122,
"ISL","SELFEMPWTEREDU","WOMEN","PC","A","2018",7.5867619514,
"ISL","SELFEMPWTEREDU","WOMEN","PC","A","2019",7.9796390533,
"IRL","SELFEMPWTEREDU","MEN","PC","A","1992",20.134922028,
"IRL","SELFEMPWTEREDU","MEN","PC","A","1993",20.385698318,
"IRL","SELFEMPWTEREDU","MEN","PC","A","1994",20.111579895,
"IRL","SELFEMPWTEREDU","MEN","PC","A","1995",19.281698227,
"IRL","SELFEMPWTEREDU","MEN","PC","A","1996",18.374002457,
"IRL","SELFEMPWTEREDU","MEN","PC","A","1997",17.787334442,
"IRL","SELFEMPWTEREDU","MEN","PC","A","1999",17.871578217,
"IRL","SELFEMPWTEREDU","MEN","PC","A","2000",17.759782791,
"IRL","SELFEMPWTEREDU","MEN","PC","A","2001",17.737150192,
"IRL","SELFEMPWTEREDU","MEN","PC","A","2002",17.5916996,
"IRL","SELFEMPWTEREDU","MEN","PC","A","2003",17.559354782,
"IRL","SELFEMPWTEREDU","MEN","PC","A","2004",17.571741104,
"IRL","SELFEMPWTEREDU","MEN","PC","A","2005",17.573980331,"B"
"IRL","SELFEMPWTEREDU","MEN","PC","A","2006",17.653892517,
"IRL","SELFEMPWTEREDU","MEN","PC","A","2007",17.924766541,"B"
"IRL","SELFEMPWTEREDU","MEN","PC","A","2008",18.195859909,
"IRL","SELFEMPWTEREDU","MEN","PC","A","2009",17.935218811,
"IRL","SELFEMPWTEREDU","MEN","PC","A","2010",17.819299698,
"IRL","SELFEMPWTEREDU","MEN","PC","A","2011",17.428731918,
"IRL","SELFEMPWTEREDU","MEN","PC","A","2012",17.556552887,
"IRL","SELFEMPWTEREDU","MEN","PC","A","2013",17.441801071,
"IRL","SELFEMPWTEREDU","MEN","PC","A","2014",17.292718887,"B"
"IRL","SELFEMPWTEREDU","MEN","PC","A","2015",16.997909546,
"IRL","SELFEMPWTEREDU","MEN","PC","A","2016",16.379817963,
"IRL","SELFEMPWTEREDU","MEN","PC","A","2017",15.764095306,"B"
"IRL","SELFEMPWTEREDU","MEN","PC","A","2018",14.926348686,
"IRL","SELFEMPWTEREDU","MEN","PC","A","2019",14.486198425,
"IRL","SELFEMPWTEREDU","WOMEN","PC","A","1992",8.3428144455,
"IRL","SELFEMPWTEREDU","WOMEN","PC","A","1993",8.0964384079,
"IRL","SELFEMPWTEREDU","WOMEN","PC","A","1994",7.7207536697,
"IRL","SELFEMPWTEREDU","WOMEN","PC","A","1995",7.5286850929,
"IRL","SELFEMPWTEREDU","WOMEN","PC","A","1996",7.4991512299,
"IRL","SELFEMPWTEREDU","WOMEN","PC","A","1997",7.8970952034,
"IRL","SELFEMPWTEREDU","WOMEN","PC","A","1999",7.9869742393,
"IRL","SELFEMPWTEREDU","WOMEN","PC","A","2000",8.0781440735,
"IRL","SELFEMPWTEREDU","WOMEN","PC","A","2001",7.6079640388,
"IRL","SELFEMPWTEREDU","WOMEN","PC","A","2002",7.4750761986,
"IRL","SELFEMPWTEREDU","WOMEN","PC","A","2003",7.3414678574,
"IRL","SELFEMPWTEREDU","WOMEN","PC","A","2004",7.3597149849,
"IRL","SELFEMPWTEREDU","WOMEN","PC","A","2005",7.0800590515,"B"
"IRL","SELFEMPWTEREDU","WOMEN","PC","A","2006",6.9647684097,
"IRL","SELFEMPWTEREDU","WOMEN","PC","A","2007",7.1308078766,"B"
"IRL","SELFEMPWTEREDU","WOMEN","PC","A","2008",7.5397777557,
"IRL","SELFEMPWTEREDU","WOMEN","PC","A","2009",7.9709014893,
"IRL","SELFEMPWTEREDU","WOMEN","PC","A","2010",8.0573091507,
"IRL","SELFEMPWTEREDU","WOMEN","PC","A","2011",8.0224819183,
"IRL","SELFEMPWTEREDU","WOMEN","PC","A","2012",8.0542812347,
"IRL","SELFEMPWTEREDU","WOMEN","PC","A","2013",7.9989304543,
"IRL","SELFEMPWTEREDU","WOMEN","PC","A","2014",8.0715427399,"B"
"IRL","SELFEMPWTEREDU","WOMEN","PC","A","2015",7.9786438942,
"IRL","SELFEMPWTEREDU","WOMEN","PC","A","2016",8.0301599503,
"IRL","SELFEMPWTEREDU","WOMEN","PC","A","2017",7.9345674515,"B"
"IRL","SELFEMPWTEREDU","WOMEN","PC","A","2018",7.8246159554,
"IRL","SELFEMPWTEREDU","WOMEN","PC","A","2019",7.7798910141,
"ITA","SELFEMPWTEREDU","MEN","PC","A","1992",30.535125732,"B"
"ITA","SELFEMPWTEREDU","MEN","PC","A","1993",30.730518341,
"ITA","SELFEMPWTEREDU","MEN","PC","A","1994",30.96673584,
"ITA","SELFEMPWTEREDU","MEN","PC","A","1995",31.565410614,
"ITA","SELFEMPWTEREDU","MEN","PC","A","1996",32.115440369,
"ITA","SELFEMPWTEREDU","MEN","PC","A","1997",33.051300049,
"ITA","SELFEMPWTEREDU","MEN","PC","A","1998",33.232097626,"B"
"ITA","SELFEMPWTEREDU","MEN","PC","A","1999",33.776966095,
"ITA","SELFEMPWTEREDU","MEN","PC","A","2000",33.973304749,
"ITA","SELFEMPWTEREDU","MEN","PC","A","2001",34.4337883,
"ITA","SELFEMPWTEREDU","MEN","PC","A","2002",34.102386475,
"ITA","SELFEMPWTEREDU","MEN","PC","A","2003",34.159812927,
"ITA","SELFEMPWTEREDU","MEN","PC","A","2004",34.360244751,"B"
"ITA","SELFEMPWTEREDU","MEN","PC","A","2005",34.543994904,"B"
"ITA","SELFEMPWTEREDU","MEN","PC","A","2006",34.103981018,
"ITA","SELFEMPWTEREDU","MEN","PC","A","2007",33.586231232,
"ITA","SELFEMPWTEREDU","MEN","PC","A","2008",33.173671722,
"ITA","SELFEMPWTEREDU","MEN","PC","A","2009",32.822158813,
"ITA","SELFEMPWTEREDU","MEN","PC","A","2010",32.549480438,
"ITA","SELFEMPWTEREDU","MEN","PC","A","2011",32.501773834,
"ITA","SELFEMPWTEREDU","MEN","PC","A","2012",32.505561829,
"ITA","SELFEMPWTEREDU","MEN","PC","A","2013",32.303554535,
"ITA","SELFEMPWTEREDU","MEN","PC","A","2014",31.89872551,"B"
"ITA","SELFEMPWTEREDU","MEN","PC","A","2015",31.186733246,
"ITA","SELFEMPWTEREDU","MEN","PC","A","2016",30.649864197,
"ITA","SELFEMPWTEREDU","MEN","PC","A","2017",30.294998169,
"ITA","SELFEMPWTEREDU","MEN","PC","A","2018",30.071527481,
"ITA","SELFEMPWTEREDU","MEN","PC","A","2019",30.044067383,
"ITA","SELFEMPWTEREDU","WOMEN","PC","A","1992",11.904661179,"B"
"ITA","SELFEMPWTEREDU","WOMEN","PC","A","1993",12.202529907,
"ITA","SELFEMPWTEREDU","WOMEN","PC","A","1994",12.981694221,
"ITA","SELFEMPWTEREDU","WOMEN","PC","A","1995",14.385533333,
"ITA","SELFEMPWTEREDU","WOMEN","PC","A","1996",15.158290863,
"ITA","SELFEMPWTEREDU","WOMEN","PC","A","1997",15.726498604,
"ITA","SELFEMPWTEREDU","WOMEN","PC","A","1998",16.096950531,"B"
"ITA","SELFEMPWTEREDU","WOMEN","PC","A","1999",16.582431793,
"ITA","SELFEMPWTEREDU","WOMEN","PC","A","2000",16.439462662,
"ITA","SELFEMPWTEREDU","WOMEN","PC","A","2001",16.812717438,
"ITA","SELFEMPWTEREDU","WOMEN","PC","A","2002",17.292499542,
"ITA","SELFEMPWTEREDU","WOMEN","PC","A","2003",19.696998596,
"ITA","SELFEMPWTEREDU","WOMEN","PC","A","2004",21.204597473,"B"
"ITA","SELFEMPWTEREDU","WOMEN","PC","A","2005",22.667016983,"B"
"ITA","SELFEMPWTEREDU","WOMEN","PC","A","2006",22.1606884,
"ITA","SELFEMPWTEREDU","WOMEN","PC","A","2007",21.775970459,
"ITA","SELFEMPWTEREDU","WOMEN","PC","A","2008",20.875049591,
"ITA","SELFEMPWTEREDU","WOMEN","PC","A","2009",20.533201218,
"ITA","SELFEMPWTEREDU","WOMEN","PC","A","2010",20.316364288,
"ITA","SELFEMPWTEREDU","WOMEN","PC","A","2011",20.808156967,
"ITA","SELFEMPWTEREDU","WOMEN","PC","A","2012",21.019254684,
"ITA","SELFEMPWTEREDU","WOMEN","PC","A","2013",21.306341171,
"ITA","SELFEMPWTEREDU","WOMEN","PC","A","2014",21.386230469,"B"
"ITA","SELFEMPWTEREDU","WOMEN","PC","A","2015",21.4185009,
"ITA","SELFEMPWTEREDU","WOMEN","PC","A","2016",20.973138809,
"ITA","SELFEMPWTEREDU","WOMEN","PC","A","2017",20.391441345,
"ITA","SELFEMPWTEREDU","WOMEN","PC","A","2018",19.905702591,
"ITA","SELFEMPWTEREDU","WOMEN","PC","A","2019",19.798892975,
"JPN","SELFEMPWTEREDU","MEN","PC","A","2014",7.4441685677,
"JPN","SELFEMPWTEREDU","WOMEN","PC","A","2014",4.1906328201,
"LUX","SELFEMPWTEREDU","MEN","PC","A","1992",14.931625366,
"LUX","SELFEMPWTEREDU","MEN","PC","A","1993",15.427054405,
"LUX","SELFEMPWTEREDU","MEN","PC","A","1994",16.083967209,
"LUX","SELFEMPWTEREDU","MEN","PC","A","1995",15.306565285,
"LUX","SELFEMPWTEREDU","MEN","PC","A","1996",13.983861923,
"LUX","SELFEMPWTEREDU","MEN","PC","A","1997",14.053535461,
"LUX","SELFEMPWTEREDU","MEN","PC","A","1999",14.385622978,
"LUX","SELFEMPWTEREDU","MEN","PC","A","2000",13.737091064,
"LUX","SELFEMPWTEREDU","MEN","PC","A","2001",12.684137344,
"LUX","SELFEMPWTEREDU","MEN","PC","A","2002",10.984601974,
"LUX","SELFEMPWTEREDU","MEN","PC","A","2003",11.411014557,"B"
"LUX","SELFEMPWTEREDU","MEN","PC","A","2004",10.915146828,
"LUX","SELFEMPWTEREDU","MEN","PC","A","2005",11.432209015,"B"
"LUX","SELFEMPWTEREDU","MEN","PC","A","2006",10.806769371,
"LUX","SELFEMPWTEREDU","MEN","PC","A","2007",9.417596817,"B"
"LUX","SELFEMPWTEREDU","MEN","PC","A","2008",9.2532691956,
"LUX","SELFEMPWTEREDU","MEN","PC","A","2009",9.7165851593,"B"
"LUX","SELFEMPWTEREDU","MEN","PC","A","2010",11.071228027,
"LUX","SELFEMPWTEREDU","MEN","PC","A","2011",11.058000565,
"LUX","SELFEMPWTEREDU","MEN","PC","A","2012",10.696065903,
"LUX","SELFEMPWTEREDU","MEN","PC","A","2013",10.570714951,
"LUX","SELFEMPWTEREDU","MEN","PC","A","2014",10.641812325,"B"
"LUX","SELFEMPWTEREDU","MEN","PC","A","2015",11.288982391,"B"
"LUX","SELFEMPWTEREDU","MEN","PC","A","2016",11.307124138,
"LUX","SELFEMPWTEREDU","MEN","PC","A","2017",11.011401176,
"LUX","SELFEMPWTEREDU","MEN","PC","A","2018",10.36183548,
"LUX","SELFEMPWTEREDU","MEN","PC","A","2019",10.30081749,
"LUX","SELFEMPWTEREDU","WOMEN","PC","A","1992",9.1603469849,"N"
"LUX","SELFEMPWTEREDU","WOMEN","PC","A","1993",9.9617729187,"N"
"LUX","SELFEMPWTEREDU","WOMEN","PC","A","1994",9.3420543671,
"LUX","SELFEMPWTEREDU","WOMEN","PC","A","1995",9.3226623535,"N"
"LUX","SELFEMPWTEREDU","WOMEN","PC","A","1996",8.9642906189,"N"
"LUX","SELFEMPWTEREDU","WOMEN","PC","A","1997",9.2605867386,
"LUX","SELFEMPWTEREDU","WOMEN","PC","A","1999",9.1991930008,"N"
"LUX","SELFEMPWTEREDU","WOMEN","PC","A","2000",7.554541111,"N"
"LUX","SELFEMPWTEREDU","WOMEN","PC","A","2001",7.2761421204,"N"
"LUX","SELFEMPWTEREDU","WOMEN","PC","A","2002",7.4862680435,"N"
"LUX","SELFEMPWTEREDU","WOMEN","PC","A","2003",8.1724872589,"B"
"LUX","SELFEMPWTEREDU","WOMEN","PC","A","2004",8.0624485016,
"LUX","SELFEMPWTEREDU","WOMEN","PC","A","2005",7.4835867882,"B"
"LUX","SELFEMPWTEREDU","WOMEN","PC","A","2006",7.6121826172,
"LUX","SELFEMPWTEREDU","WOMEN","PC","A","2007",7.5738887787,"B"
"LUX","SELFEMPWTEREDU","WOMEN","PC","A","2008",7.5083737373,
"LUX","SELFEMPWTEREDU","WOMEN","PC","A","2009",7.2926874161,"B"
"LUX","SELFEMPWTEREDU","WOMEN","PC","A","2010",7.3140006065,
"LUX","SELFEMPWTEREDU","WOMEN","PC","A","2011",8.1111507416,
"LUX","SELFEMPWTEREDU","WOMEN","PC","A","2012",8.44389534,
"LUX","SELFEMPWTEREDU","WOMEN","PC","A","2013",8.7794322968,
"LUX","SELFEMPWTEREDU","WOMEN","PC","A","2014",8.2358627319,"B"
"LUX","SELFEMPWTEREDU","WOMEN","PC","A","2015",7.908976078,"B"
"LUX","SELFEMPWTEREDU","WOMEN","PC","A","2016",7.4876456261,
"LUX","SELFEMPWTEREDU","WOMEN","PC","A","2017",7.379570961,
"LUX","SELFEMPWTEREDU","WOMEN","PC","A","2018",7.430106163,
"LUX","SELFEMPWTEREDU","WOMEN","PC","A","2019",7.4375324249,
"MEX","SELFEMPWTEREDU","MEN","PC","A","2010",23.053195953,
"MEX","SELFEMPWTEREDU","MEN","PC","A","2011",22.794281006,
"MEX","SELFEMPWTEREDU","MEN","PC","A","2012",22.236150742,
"MEX","SELFEMPWTEREDU","MEN","PC","A","2013",21.67508316,
"MEX","SELFEMPWTEREDU","MEN","PC","A","2014",21.239219666,
"MEX","SELFEMPWTEREDU","MEN","PC","A","2015",21.102964401,
"MEX","SELFEMPWTEREDU","MEN","PC","A","2016",20.968860626,
"MEX","SELFEMPWTEREDU","MEN","PC","A","2017",21.326690674,
"MEX","SELFEMPWTEREDU","WOMEN","PC","A","2010",15.194111824,
"MEX","SELFEMPWTEREDU","WOMEN","PC","A","2011",15.359426498,
"MEX","SELFEMPWTEREDU","WOMEN","PC","A","2012",15.554132462,
"MEX","SELFEMPWTEREDU","WOMEN","PC","A","2013",15.471282005,
"MEX","SELFEMPWTEREDU","WOMEN","PC","A","2014",15.228360176,
"MEX","SELFEMPWTEREDU","WOMEN","PC","A","2015",15.052546501,
"MEX","SELFEMPWTEREDU","WOMEN","PC","A","2016",15.308935165,
"MEX","SELFEMPWTEREDU","WOMEN","PC","A","2017",15.644385338,
"NLD","SELFEMPWTEREDU","MEN","PC","A","1996",12.712427139,
"NLD","SELFEMPWTEREDU","MEN","PC","A","1997",12.921350479,
"NLD","SELFEMPWTEREDU","MEN","PC","A","1998",12.966222763,"B"
"NLD","SELFEMPWTEREDU","MEN","PC","A","1999",13.25412178,
"NLD","SELFEMPWTEREDU","MEN","PC","A","2000",13.786255836,
"NLD","SELFEMPWTEREDU","MEN","PC","A","2001",14.246558189,
"NLD","SELFEMPWTEREDU","MEN","PC","A","2002",14.643071175,
"NLD","SELFEMPWTEREDU","MEN","PC","A","2003",14.57598877,
"NLD","SELFEMPWTEREDU","MEN","PC","A","2004",15.656784058,
"NLD","SELFEMPWTEREDU","MEN","PC","A","2005",16.402215958,"B"
"NLD","SELFEMPWTEREDU","MEN","PC","A","2006",17.565818787,
"NLD","SELFEMPWTEREDU","MEN","PC","A","2007",18.003078461,
"NLD","SELFEMPWTEREDU","MEN","PC","A","2008",18.729963303,
"NLD","SELFEMPWTEREDU","MEN","PC","A","2009",19.076231003,
"NLD","SELFEMPWTEREDU","MEN","PC","A","2010",19.499671936,
"NLD","SELFEMPWTEREDU","MEN","PC","A","2011",19.670516968,
"NLD","SELFEMPWTEREDU","MEN","PC","A","2012",19.927980423,
"NLD","SELFEMPWTEREDU","MEN","PC","A","2013",20.153705597,"B"
"NLD","SELFEMPWTEREDU","MEN","PC","A","2014",20.45847702,"B"
"NLD","SELFEMPWTEREDU","MEN","PC","A","2015",20.63876915,
"NLD","SELFEMPWTEREDU","MEN","PC","A","2016",20.637559891,
"NLD","SELFEMPWTEREDU","MEN","PC","A","2017",20.601108551,
"NLD","SELFEMPWTEREDU","MEN","PC","A","2018",20.685653687,
"NLD","SELFEMPWTEREDU","MEN","PC","A","2019",20.721874237,"B"
"NLD","SELFEMPWTEREDU","WOMEN","PC","A","1996",9.3332023621,
"NLD","SELFEMPWTEREDU","WOMEN","PC","A","1997",9.0312614441,
"NLD","SELFEMPWTEREDU","WOMEN","PC","A","1998",9.1573190689,"B"
"NLD","SELFEMPWTEREDU","WOMEN","PC","A","1999",9.3942747116,
"NLD","SELFEMPWTEREDU","WOMEN","PC","A","2000",10.162564278,
"NLD","SELFEMPWTEREDU","WOMEN","PC","A","2001",10.261574745,
"NLD","SELFEMPWTEREDU","WOMEN","PC","A","2002",9.9782361984,
"NLD","SELFEMPWTEREDU","WOMEN","PC","A","2003",9.8888196945,
"NLD","SELFEMPWTEREDU","WOMEN","PC","A","2004",10.195636749,
"NLD","SELFEMPWTEREDU","WOMEN","PC","A","2005",11.150524139,"B"
"NLD","SELFEMPWTEREDU","WOMEN","PC","A","2006",11.712625504,
"NLD","SELFEMPWTEREDU","WOMEN","PC","A","2007",12.164254189,
"NLD","SELFEMPWTEREDU","WOMEN","PC","A","2008",12.55597496,
"NLD","SELFEMPWTEREDU","WOMEN","PC","A","2009",12.853341103,
"NLD","SELFEMPWTEREDU","WOMEN","PC","A","2010",13.049853325,
"NLD","SELFEMPWTEREDU","WOMEN","PC","A","2011",13.230978966,
"NLD","SELFEMPWTEREDU","WOMEN","PC","A","2012",13.451899529,
"NLD","SELFEMPWTEREDU","WOMEN","PC","A","2013",13.917253494,"B"
"NLD","SELFEMPWTEREDU","WOMEN","PC","A","2014",14.319190025,"B"
"NLD","SELFEMPWTEREDU","WOMEN","PC","A","2015",14.639568329,
"NLD","SELFEMPWTEREDU","WOMEN","PC","A","2016",14.922467232,
"NLD","SELFEMPWTEREDU","WOMEN","PC","A","2017",14.93833828,
"NLD","SELFEMPWTEREDU","WOMEN","PC","A","2018",15.085059166,
"NLD","SELFEMPWTEREDU","WOMEN","PC","A","2019",14.992621422,"B"
"NOR","SELFEMPWTEREDU","MEN","PC","A","1996",5.8106093407,
"NOR","SELFEMPWTEREDU","MEN","PC","A","1997",6.0266718864,
"NOR","SELFEMPWTEREDU","MEN","PC","A","1998",6.3526539803,"B"
"NOR","SELFEMPWTEREDU","MEN","PC","A","1999",6.1640458107,
"NOR","SELFEMPWTEREDU","MEN","PC","A","2000",5.6921515465,
"NOR","SELFEMPWTEREDU","MEN","PC","A","2001",5.5009503365,
"NOR","SELFEMPWTEREDU","MEN","PC","A","2002",5.5971970558,
"NOR","SELFEMPWTEREDU","MEN","PC","A","2003",6.2815675735,"B"
"NOR","SELFEMPWTEREDU","MEN","PC","A","2004",6.7369422913,
"NOR","SELFEMPWTEREDU","MEN","PC","A","2005",7.7093138695,"B"
"NOR","SELFEMPWTEREDU","MEN","PC","A","2006",8.0752906799,"B"
"NOR","SELFEMPWTEREDU","MEN","PC","A","2007",8.4314584732,
"NOR","SELFEMPWTEREDU","MEN","PC","A","2008",8.3379220963,
"NOR","SELFEMPWTEREDU","MEN","PC","A","2009",8.2049951553,
"NOR","SELFEMPWTEREDU","MEN","PC","A","2010",7.970823288,
"NOR","SELFEMPWTEREDU","MEN","PC","A","2011",7.2961769104,
"NOR","SELFEMPWTEREDU","MEN","PC","A","2012",6.9661650658,
"NOR","SELFEMPWTEREDU","MEN","PC","A","2013",6.860411644,
"NOR","SELFEMPWTEREDU","MEN","PC","A","2014",6.8339428902,"B"
"NOR","SELFEMPWTEREDU","MEN","PC","A","2015",6.8847961426,
"NOR","SELFEMPWTEREDU","MEN","PC","A","2016",6.6202335358,
"NOR","SELFEMPWTEREDU","MEN","PC","A","2017",6.7559790611,
"NOR","SELFEMPWTEREDU","MEN","PC","A","2018",6.7850785255,
"NOR","SELFEMPWTEREDU","MEN","PC","A","2019",7.0151748657,
"NOR","SELFEMPWTEREDU","WOMEN","PC","A","1996",2.6960740089,
"NOR","SELFEMPWTEREDU","WOMEN","PC","A","1997",2.7814698219,
"NOR","SELFEMPWTEREDU","WOMEN","PC","A","1998",2.8056530952,"B"
"NOR","SELFEMPWTEREDU","WOMEN","PC","A","1999",3.0896658897,
"NOR","SELFEMPWTEREDU","WOMEN","PC","A","2000",3.0814530849,
"NOR","SELFEMPWTEREDU","WOMEN","PC","A","2001",3.1549372673,
"NOR","SELFEMPWTEREDU","WOMEN","PC","A","2002",3.1991455555,
"NOR","SELFEMPWTEREDU","WOMEN","PC","A","2003",3.3388810158,"B"
"NOR","SELFEMPWTEREDU","WOMEN","PC","A","2004",3.4940090179,
"NOR","SELFEMPWTEREDU","WOMEN","PC","A","2005",3.6177163124,"B"
"NOR","SELFEMPWTEREDU","WOMEN","PC","A","2006",3.7612800598,"B"
"NOR","SELFEMPWTEREDU","WOMEN","PC","A","2007",3.8558650017,
"NOR","SELFEMPWTEREDU","WOMEN","PC","A","2008",4.163228035,
"NOR","SELFEMPWTEREDU","WOMEN","PC","A","2009",4.3057932854,
"NOR","SELFEMPWTEREDU","WOMEN","PC","A","2010",4.164642334,
"NOR","SELFEMPWTEREDU","WOMEN","PC","A","2011",3.7716333866,
"NOR","SELFEMPWTEREDU","WOMEN","PC","A","2012",3.6471998692,
"NOR","SELFEMPWTEREDU","WOMEN","PC","A","2013",3.8480422497,
"NOR","SELFEMPWTEREDU","WOMEN","PC","A","2014",4.1981711388,"B"
"NOR","SELFEMPWTEREDU","WOMEN","PC","A","2015",4.3369522095,
"NOR","SELFEMPWTEREDU","WOMEN","PC","A","2016",4.1495714188,
"NOR","SELFEMPWTEREDU","WOMEN","PC","A","2017",3.8512246609,
"NOR","SELFEMPWTEREDU","WOMEN","PC","A","2018",3.6689255238,
"NOR","SELFEMPWTEREDU","WOMEN","PC","A","2019",3.6931715012,
"POL","SELFEMPWTEREDU","MEN","PC","A","1997",19.917919159,
"POL","SELFEMPWTEREDU","MEN","PC","A","1998",19.547840118,"B"
"POL","SELFEMPWTEREDU","MEN","PC","A","1999",17.847517014,
"POL","SELFEMPWTEREDU","MEN","PC","A","2000",17.51358223,"B"
"POL","SELFEMPWTEREDU","MEN","PC","A","2001",17.532056808,"B"
"POL","SELFEMPWTEREDU","MEN","PC","A","2002",18.580322266,
"POL","SELFEMPWTEREDU","MEN","PC","A","2003",18.676177979,"B"
"POL","SELFEMPWTEREDU","MEN","PC","A","2004",18.470499039,"B"
"POL","SELFEMPWTEREDU","MEN","PC","A","2005",18.255489349,"B"
"POL","SELFEMPWTEREDU","MEN","PC","A","2006",18.27289772,
"POL","SELFEMPWTEREDU","MEN","PC","A","2007",18.21229744,
"POL","SELFEMPWTEREDU","MEN","PC","A","2008",18.225189209,
"POL","SELFEMPWTEREDU","MEN","PC","A","2009",18.431688309,
"POL","SELFEMPWTEREDU","MEN","PC","A","2010",18.724920273,"B"
"POL","SELFEMPWTEREDU","MEN","PC","A","2011",18.97063446,
"POL","SELFEMPWTEREDU","MEN","PC","A","2012",18.922080994,
"POL","SELFEMPWTEREDU","MEN","PC","A","2013",19.125713348,
"POL","SELFEMPWTEREDU","MEN","PC","A","2014",19.301912308,"B"
"POL","SELFEMPWTEREDU","MEN","PC","A","2015",19.869543076,
"POL","SELFEMPWTEREDU","MEN","PC","A","2016",20.282562256,
"POL","SELFEMPWTEREDU","MEN","PC","A","2017",20.865383148,
"POL","SELFEMPWTEREDU","MEN","PC","A","2018",21.236577988,
"POL","SELFEMPWTEREDU","MEN","PC","A","2019",21.45790863,
"POL","SELFEMPWTEREDU","WOMEN","PC","A","1997",7.6013894081,
"POL","SELFEMPWTEREDU","WOMEN","PC","A","1998",7.5629959106,"B"
"POL","SELFEMPWTEREDU","WOMEN","PC","A","1999",7.4583959579,
"POL","SELFEMPWTEREDU","WOMEN","PC","A","2000",7.0996084213,"B"
"POL","SELFEMPWTEREDU","WOMEN","PC","A","2001",6.7626404762,"B"
"POL","SELFEMPWTEREDU","WOMEN","PC","A","2002",6.6199707985,
"POL","SELFEMPWTEREDU","WOMEN","PC","A","2003",6.9956431389,"B"
"POL","SELFEMPWTEREDU","WOMEN","PC","A","2004",7.3513617516,"B"
"POL","SELFEMPWTEREDU","WOMEN","PC","A","2005",7.4924640656,"B"
"POL","SELFEMPWTEREDU","WOMEN","PC","A","2006",7.6306090355,
"POL","SELFEMPWTEREDU","WOMEN","PC","A","2007",7.7561144829,
"POL","SELFEMPWTEREDU","WOMEN","PC","A","2008",8.0356435776,
"POL","SELFEMPWTEREDU","WOMEN","PC","A","2009",8.2494907379,
"POL","SELFEMPWTEREDU","WOMEN","PC","A","2010",8.4388494492,"B"
"POL","SELFEMPWTEREDU","WOMEN","PC","A","2011",8.677479744,
"POL","SELFEMPWTEREDU","WOMEN","PC","A","2012",8.9990596771,
"POL","SELFEMPWTEREDU","WOMEN","PC","A","2013",9.2462663651,
"POL","SELFEMPWTEREDU","WOMEN","PC","A","2014",9.2941732407,"B"
"POL","SELFEMPWTEREDU","WOMEN","PC","A","2015",9.3240880966,
"POL","SELFEMPWTEREDU","WOMEN","PC","A","2016",9.3835773468,
"POL","SELFEMPWTEREDU","WOMEN","PC","A","2017",9.672990799,
"POL","SELFEMPWTEREDU","WOMEN","PC","A","2018",9.9157056808,
"POL","SELFEMPWTEREDU","WOMEN","PC","A","2019",10.169988632,
"PRT","SELFEMPWTEREDU","MEN","PC","A","1992",16.220544815,
"PRT","SELFEMPWTEREDU","MEN","PC","A","1993",15.931387901,
"PRT","SELFEMPWTEREDU","MEN","PC","A","1994",16.357116699,
"PRT","SELFEMPWTEREDU","MEN","PC","A","1995",16.956308365,
"PRT","SELFEMPWTEREDU","MEN","PC","A","1996",18.015260696,
"PRT","SELFEMPWTEREDU","MEN","PC","A","1997",17.946950912,
"PRT","SELFEMPWTEREDU","MEN","PC","A","1998",16.809123993,"B"
"PRT","SELFEMPWTEREDU","MEN","PC","A","1999",15.181019783,
"PRT","SELFEMPWTEREDU","MEN","PC","A","2000",14.27009201,
"PRT","SELFEMPWTEREDU","MEN","PC","A","2001",14.487517357,
"PRT","SELFEMPWTEREDU","MEN","PC","A","2002",15.121762276,
"PRT","SELFEMPWTEREDU","MEN","PC","A","2003",15.097601891,
"PRT","SELFEMPWTEREDU","MEN","PC","A","2004",15.321422577,"B"
"PRT","SELFEMPWTEREDU","MEN","PC","A","2005",15.028469086,"B"
"PRT","SELFEMPWTEREDU","MEN","PC","A","2006",15.531019211,
"PRT","SELFEMPWTEREDU","MEN","PC","A","2007",15.192718506,
"PRT","SELFEMPWTEREDU","MEN","PC","A","2008",15.909544945,
"PRT","SELFEMPWTEREDU","MEN","PC","A","2009",16.357282639,
"PRT","SELFEMPWTEREDU","MEN","PC","A","2010",16.745847702,
"PRT","SELFEMPWTEREDU","MEN","PC","A","2011",16.872777939,"B"
"PRT","SELFEMPWTEREDU","MEN","PC","A","2012",16.898971558,
"PRT","SELFEMPWTEREDU","MEN","PC","A","2013",16.694137573,
"PRT","SELFEMPWTEREDU","MEN","PC","A","2014",15.978388786,"B"
"PRT","SELFEMPWTEREDU","MEN","PC","A","2015",15.147965431,
"PRT","SELFEMPWTEREDU","MEN","PC","A","2016",14.359999657,
"PRT","SELFEMPWTEREDU","MEN","PC","A","2017",13.839021683,
"PRT","SELFEMPWTEREDU","MEN","PC","A","2018",14.107142448,
"PRT","SELFEMPWTEREDU","MEN","PC","A","2019",14.544498444,
"PRT","SELFEMPWTEREDU","WOMEN","PC","A","1992",6.5338978767,
"PRT","SELFEMPWTEREDU","WOMEN","PC","A","1993",6.8217468262,
"PRT","SELFEMPWTEREDU","WOMEN","PC","A","1994",7.7558221817,
"PRT","SELFEMPWTEREDU","WOMEN","PC","A","1995",8.3738069534,
"PRT","SELFEMPWTEREDU","WOMEN","PC","A","1996",9.1255378723,
"PRT","SELFEMPWTEREDU","WOMEN","PC","A","1997",8.7954101563,
"PRT","SELFEMPWTEREDU","WOMEN","PC","A","1998",7.88484478,"B"
"PRT","SELFEMPWTEREDU","WOMEN","PC","A","1999",6.8245201111,
"PRT","SELFEMPWTEREDU","WOMEN","PC","A","2000",7.4762134552,
"PRT","SELFEMPWTEREDU","WOMEN","PC","A","2001",7.7741804123,
"PRT","SELFEMPWTEREDU","WOMEN","PC","A","2002",8.1856927872,
"PRT","SELFEMPWTEREDU","WOMEN","PC","A","2003",7.9270272255,
"PRT","SELFEMPWTEREDU","WOMEN","PC","A","2004",7.9812831879,"B"
"PRT","SELFEMPWTEREDU","WOMEN","PC","A","2005",8.587928772,"B"
"PRT","SELFEMPWTEREDU","WOMEN","PC","A","2006",9.0135736465,
"PRT","SELFEMPWTEREDU","WOMEN","PC","A","2007",9.3358230591,
"PRT","SELFEMPWTEREDU","WOMEN","PC","A","2008",9.1191501617,
"PRT","SELFEMPWTEREDU","WOMEN","PC","A","2009",8.4416246414,
"PRT","SELFEMPWTEREDU","WOMEN","PC","A","2010",8.5346231461,
"PRT","SELFEMPWTEREDU","WOMEN","PC","A","2011",8.533200264,"B"
"PRT","SELFEMPWTEREDU","WOMEN","PC","A","2012",9.1014690399,
"PRT","SELFEMPWTEREDU","WOMEN","PC","A","2013",8.919052124,
"PRT","SELFEMPWTEREDU","WOMEN","PC","A","2014",8.8001012802,"B"
"PRT","SELFEMPWTEREDU","WOMEN","PC","A","2015",8.7334938049,
"PRT","SELFEMPWTEREDU","WOMEN","PC","A","2016",8.8022451401,
"PRT","SELFEMPWTEREDU","WOMEN","PC","A","2017",8.778503418,
"PRT","SELFEMPWTEREDU","WOMEN","PC","A","2018",9.0222320557,
"PRT","SELFEMPWTEREDU","WOMEN","PC","A","2019",9.1954174042,
"SVK","SELFEMPWTEREDU","MEN","PC","A","1998",16.713367462,"B"
"SVK","SELFEMPWTEREDU","MEN","PC","A","1999",16.433637619,"B"
"SVK","SELFEMPWTEREDU","MEN","PC","A","2000",15.699579239,
"SVK","SELFEMPWTEREDU","MEN","PC","A","2001",15.786958694,
"SVK","SELFEMPWTEREDU","MEN","PC","A","2002",16.348482132,
"SVK","SELFEMPWTEREDU","MEN","PC","A","2003",18.300931931,"B"
"SVK","SELFEMPWTEREDU","MEN","PC","A","2004",19.170978546,
"SVK","SELFEMPWTEREDU","MEN","PC","A","2005",19.251747131,"B"
"SVK","SELFEMPWTEREDU","MEN","PC","A","2006",17.997930527,
"SVK","SELFEMPWTEREDU","MEN","PC","A","2007",19.091133118,
"SVK","SELFEMPWTEREDU","MEN","PC","A","2008",20.109830856,
"SVK","SELFEMPWTEREDU","MEN","PC","A","2009",21.471744537,
"SVK","SELFEMPWTEREDU","MEN","PC","A","2010",21.23850441,
"SVK","SELFEMPWTEREDU","MEN","PC","A","2011",21.98175621,"B"
"SVK","SELFEMPWTEREDU","MEN","PC","A","2012",22.151632309,
"SVK","SELFEMPWTEREDU","MEN","PC","A","2013",22.627281189,
"SVK","SELFEMPWTEREDU","MEN","PC","A","2014",21.961212158,"B"
"SVK","SELFEMPWTEREDU","MEN","PC","A","2015",21.444414139,
"SVK","SELFEMPWTEREDU","MEN","PC","A","2016",20.610551834,
"SVK","SELFEMPWTEREDU","MEN","PC","A","2017",19.692279816,
"SVK","SELFEMPWTEREDU","MEN","PC","A","2018",19.016954422,
"SVK","SELFEMPWTEREDU","MEN","PC","A","2019",18.658624649,
"SVK","SELFEMPWTEREDU","WOMEN","PC","A","1998",6.4498796463,"B"
"SVK","SELFEMPWTEREDU","WOMEN","PC","A","1999",6.3937220573,"B"
"SVK","SELFEMPWTEREDU","WOMEN","PC","A","2000",6.5873918533,
"SVK","SELFEMPWTEREDU","WOMEN","PC","A","2001",6.9651932716,
"SVK","SELFEMPWTEREDU","WOMEN","PC","A","2002",7.4148983955,
"SVK","SELFEMPWTEREDU","WOMEN","PC","A","2003",8.5942497253,"B"
"SVK","SELFEMPWTEREDU","WOMEN","PC","A","2004",9.5885639191,
"SVK","SELFEMPWTEREDU","WOMEN","PC","A","2005",10.281853676,"B"
"SVK","SELFEMPWTEREDU","WOMEN","PC","A","2006",9.6797561646,
"SVK","SELFEMPWTEREDU","WOMEN","PC","A","2007",9.4334764481,
"SVK","SELFEMPWTEREDU","WOMEN","PC","A","2008",10.198562622,
"SVK","SELFEMPWTEREDU","WOMEN","PC","A","2009",10.572392464,
"SVK","SELFEMPWTEREDU","WOMEN","PC","A","2010",11.131642342,
"SVK","SELFEMPWTEREDU","WOMEN","PC","A","2011",10.560944557,"B"
"SVK","SELFEMPWTEREDU","WOMEN","PC","A","2012",10.390179634,
"SVK","SELFEMPWTEREDU","WOMEN","PC","A","2013",9.9921035767,
"SVK","SELFEMPWTEREDU","WOMEN","PC","A","2014",9.8207893372,"B"
"SVK","SELFEMPWTEREDU","WOMEN","PC","A","2015",10.353871346,
"SVK","SELFEMPWTEREDU","WOMEN","PC","A","2016",10.31248951,
"SVK","SELFEMPWTEREDU","WOMEN","PC","A","2017",10.21181488,
"SVK","SELFEMPWTEREDU","WOMEN","PC","A","2018",9.6852989197,
"SVK","SELFEMPWTEREDU","WOMEN","PC","A","2019",9.5400753021,
"ESP","SELFEMPWTEREDU","MEN","PC","A","1992",14.767595291,
"ESP","SELFEMPWTEREDU","MEN","PC","A","1993",15.095160484,
"ESP","SELFEMPWTEREDU","MEN","PC","A","1994",15.459205627,
"ESP","SELFEMPWTEREDU","MEN","PC","A","1995",16.309028625,
"ESP","SELFEMPWTEREDU","MEN","PC","A","1996",16.775037766,
"ESP","SELFEMPWTEREDU","MEN","PC","A","1997",16.838336945,
"ESP","SELFEMPWTEREDU","MEN","PC","A","1998",16.743913651,"B"
"ESP","SELFEMPWTEREDU","MEN","PC","A","1999",16.553478241,
"ESP","SELFEMPWTEREDU","MEN","PC","A","2000",16.40681839,
"ESP","SELFEMPWTEREDU","MEN","PC","A","2001",15.737549782,"B"
"ESP","SELFEMPWTEREDU","MEN","PC","A","2002",15.21778965,
"ESP","SELFEMPWTEREDU","MEN","PC","A","2003",15.314105988,
"ESP","SELFEMPWTEREDU","MEN","PC","A","2004",15.558218956,
"ESP","SELFEMPWTEREDU","MEN","PC","A","2005",16.090515137,"B"
"ESP","SELFEMPWTEREDU","MEN","PC","A","2006",16.502626419,
"ESP","SELFEMPWTEREDU","MEN","PC","A","2007",17.144004822,
"ESP","SELFEMPWTEREDU","MEN","PC","A","2008",16.917657852,
"ESP","SELFEMPWTEREDU","MEN","PC","A","2009",16.397865295,"B"
"ESP","SELFEMPWTEREDU","MEN","PC","A","2010",15.996462822,
"ESP","SELFEMPWTEREDU","MEN","PC","A","2011",16.471876144,
"ESP","SELFEMPWTEREDU","MEN","PC","A","2012",17.124622345,
"ESP","SELFEMPWTEREDU","MEN","PC","A","2013",17.64761734,
"ESP","SELFEMPWTEREDU","MEN","PC","A","2014",17.737258911,"B"
"ESP","SELFEMPWTEREDU","MEN","PC","A","2015",17.784040451,
"ESP","SELFEMPWTEREDU","MEN","PC","A","2016",17.757802963,
"ESP","SELFEMPWTEREDU","MEN","PC","A","2017",17.485586166,
"ESP","SELFEMPWTEREDU","MEN","PC","A","2018",17.012205124,
"ESP","SELFEMPWTEREDU","MEN","PC","A","2019",16.641155243,
"ESP","SELFEMPWTEREDU","WOMEN","PC","A","1992",7.4901189804,
"ESP","SELFEMPWTEREDU","WOMEN","PC","A","1993",7.628484726,
"ESP","SELFEMPWTEREDU","WOMEN","PC","A","1994",7.8750133514,
"ESP","SELFEMPWTEREDU","WOMEN","PC","A","1995",8.4383325577,
"ESP","SELFEMPWTEREDU","WOMEN","PC","A","1996",8.6489601135,
"ESP","SELFEMPWTEREDU","WOMEN","PC","A","1997",8.7638454437,
"ESP","SELFEMPWTEREDU","WOMEN","PC","A","1998",8.5275211334,"B"
"ESP","SELFEMPWTEREDU","WOMEN","PC","A","1999",8.4058246613,
"ESP","SELFEMPWTEREDU","WOMEN","PC","A","2000",8.2636413574,
"ESP","SELFEMPWTEREDU","WOMEN","PC","A","2001",8.4288454056,"B"
"ESP","SELFEMPWTEREDU","WOMEN","PC","A","2002",8.4712076187,
"ESP","SELFEMPWTEREDU","WOMEN","PC","A","2003",8.6535387039,
"ESP","SELFEMPWTEREDU","WOMEN","PC","A","2004",8.76329422,
"ESP","SELFEMPWTEREDU","WOMEN","PC","A","2005",9.1129102707,"B"
"ESP","SELFEMPWTEREDU","WOMEN","PC","A","2006",9.2283172607,
"ESP","SELFEMPWTEREDU","WOMEN","PC","A","2007",9.3963575363,
"ESP","SELFEMPWTEREDU","WOMEN","PC","A","2008",9.4422559738,
"ESP","SELFEMPWTEREDU","WOMEN","PC","A","2009",9.4664459229,"B"
"ESP","SELFEMPWTEREDU","WOMEN","PC","A","2010",9.2890529633,
"ESP","SELFEMPWTEREDU","WOMEN","PC","A","2011",9.2861051559,
"ESP","SELFEMPWTEREDU","WOMEN","PC","A","2012",9.5543518066,
"ESP","SELFEMPWTEREDU","WOMEN","PC","A","2013",10.067655563,
"ESP","SELFEMPWTEREDU","WOMEN","PC","A","2014",10.36687851,"B"
"ESP","SELFEMPWTEREDU","WOMEN","PC","A","2015",10.502734184,
"ESP","SELFEMPWTEREDU","WOMEN","PC","A","2016",10.46427536,
"ESP","SELFEMPWTEREDU","WOMEN","PC","A","2017",10.336307526,
"ESP","SELFEMPWTEREDU","WOMEN","PC","A","2018",10.129933357,
"ESP","SELFEMPWTEREDU","WOMEN","PC","A","2019",10.018651009,
"SWE","SELFEMPWTEREDU","MEN","PC","A","1995",12.048418045,
"SWE","SELFEMPWTEREDU","MEN","PC","A","1996",11.478944778,
"SWE","SELFEMPWTEREDU","MEN","PC","A","1997",11.074119568,
"SWE","SELFEMPWTEREDU","MEN","PC","A","1998",10.812437057,"B"
"SWE","SELFEMPWTEREDU","MEN","PC","A","1999",11.265295982,
"SWE","SELFEMPWTEREDU","MEN","PC","A","2000",11.385543823,
"SWE","SELFEMPWTEREDU","MEN","PC","A","2001",11.551263809,"B"
"SWE","SELFEMPWTEREDU","MEN","PC","A","2002",11.720058441,
"SWE","SELFEMPWTEREDU","MEN","PC","A","2003",11.85080719,
"SWE","SELFEMPWTEREDU","MEN","PC","A","2004",11.293302536,
"SWE","SELFEMPWTEREDU","MEN","PC","A","2005",10.900676727,"B"
"SWE","SELFEMPWTEREDU","MEN","PC","A","2006",10.724372864,"B"
"SWE","SELFEMPWTEREDU","MEN","PC","A","2007",10.693902016,
"SWE","SELFEMPWTEREDU","MEN","PC","A","2008",10.525582314,
"SWE","SELFEMPWTEREDU","MEN","PC","A","2009",10.348215103,
"SWE","SELFEMPWTEREDU","MEN","PC","A","2010",10.380225182,
"SWE","SELFEMPWTEREDU","MEN","PC","A","2011",10.268361092,
"SWE","SELFEMPWTEREDU","MEN","PC","A","2012",10.212897301,
"SWE","SELFEMPWTEREDU","MEN","PC","A","2013",10.058120728,
"SWE","SELFEMPWTEREDU","MEN","PC","A","2014",10.069939613,"B"
"SWE","SELFEMPWTEREDU","MEN","PC","A","2015",10.025266647,
"SWE","SELFEMPWTEREDU","MEN","PC","A","2016",9.8252811432,
"SWE","SELFEMPWTEREDU","MEN","PC","A","2017",9.5373601913,
"SWE","SELFEMPWTEREDU","MEN","PC","A","2018",9.6303310394,"B"
"SWE","SELFEMPWTEREDU","MEN","PC","A","2019",9.8070402145,
"SWE","SELFEMPWTEREDU","WOMEN","PC","A","1995",5.1108751297,
"SWE","SELFEMPWTEREDU","WOMEN","PC","A","1996",4.8859820366,
"SWE","SELFEMPWTEREDU","WOMEN","PC","A","1997",4.5766067505,
"SWE","SELFEMPWTEREDU","WOMEN","PC","A","1998",4.4383301735,"B"
"SWE","SELFEMPWTEREDU","WOMEN","PC","A","1999",4.326467514,
"SWE","SELFEMPWTEREDU","WOMEN","PC","A","2000",4.0856328011,
"SWE","SELFEMPWTEREDU","WOMEN","PC","A","2001",3.9107990265,"B"
"SWE","SELFEMPWTEREDU","WOMEN","PC","A","2002",3.9440615177,
"SWE","SELFEMPWTEREDU","WOMEN","PC","A","2003",3.9211907387,
"SWE","SELFEMPWTEREDU","WOMEN","PC","A","2004",4.0355987549,
"SWE","SELFEMPWTEREDU","WOMEN","PC","A","2005",4.0297727585,"B"
"SWE","SELFEMPWTEREDU","WOMEN","PC","A","2006",4.2248520851,"B"
"SWE","SELFEMPWTEREDU","WOMEN","PC","A","2007",4.2789988518,
"SWE","SELFEMPWTEREDU","WOMEN","PC","A","2008",4.4879646301,
"SWE","SELFEMPWTEREDU","WOMEN","PC","A","2009",4.7101917267,
"SWE","SELFEMPWTEREDU","WOMEN","PC","A","2010",4.7413244247,
"SWE","SELFEMPWTEREDU","WOMEN","PC","A","2011",4.6665649414,
"SWE","SELFEMPWTEREDU","WOMEN","PC","A","2012",4.5976762772,
"SWE","SELFEMPWTEREDU","WOMEN","PC","A","2013",4.6101465225,
"SWE","SELFEMPWTEREDU","WOMEN","PC","A","2014",4.6332707405,"B"
"SWE","SELFEMPWTEREDU","WOMEN","PC","A","2015",4.6049451828,
"SWE","SELFEMPWTEREDU","WOMEN","PC","A","2016",4.5514822006,
"SWE","SELFEMPWTEREDU","WOMEN","PC","A","2017",4.4135422707,
"SWE","SELFEMPWTEREDU","WOMEN","PC","A","2018",4.2066187859,"B"
"SWE","SELFEMPWTEREDU","WOMEN","PC","A","2019",4.08020401,
"CHE","SELFEMPWTEREDU","MEN","PC","A","1996",21.75390625,
"CHE","SELFEMPWTEREDU","MEN","PC","A","1997",21.994688034,
"CHE","SELFEMPWTEREDU","MEN","PC","A","1998",22.475170135,"B"
"CHE","SELFEMPWTEREDU","MEN","PC","A","1999",22.642818451,
"CHE","SELFEMPWTEREDU","MEN","PC","A","2000",22.155492783,
"CHE","SELFEMPWTEREDU","MEN","PC","A","2001",22.040594101,
"CHE","SELFEMPWTEREDU","MEN","PC","A","2002",21.605520248,
"CHE","SELFEMPWTEREDU","MEN","PC","A","2003",21.496366501,
"CHE","SELFEMPWTEREDU","MEN","PC","A","2004",20.739759445,
"CHE","SELFEMPWTEREDU","MEN","PC","A","2005",19.736200333,"B"
"CHE","SELFEMPWTEREDU","MEN","PC","A","2006",18.849033356,
"CHE","SELFEMPWTEREDU","MEN","PC","A","2007",18.325910568,
"CHE","SELFEMPWTEREDU","MEN","PC","A","2008",17.585264206,
"CHE","SELFEMPWTEREDU","MEN","PC","A","2009",17.71471405,
"CHE","SELFEMPWTEREDU","MEN","PC","A","2010",17.865493774,"B"
"CHE","SELFEMPWTEREDU","MEN","PC","A","2011",18.166757584,
"CHE","SELFEMPWTEREDU","MEN","PC","A","2012",17.612531662,
"CHE","SELFEMPWTEREDU","MEN","PC","A","2013",17.0143013,
"CHE","SELFEMPWTEREDU","MEN","PC","A","2014",16.316953659,"B"
"CHE","SELFEMPWTEREDU","MEN","PC","A","2015",15.854844093,
"CHE","SELFEMPWTEREDU","MEN","PC","A","2016",15.477657318,
"CHE","SELFEMPWTEREDU","MEN","PC","A","2017",15.2924757,
"CHE","SELFEMPWTEREDU","MEN","PC","A","2018",15.190928459,
"CHE","SELFEMPWTEREDU","MEN","PC","A","2019",14.998125076,
"CHE","SELFEMPWTEREDU","WOMEN","PC","A","1996",15.413785934,
"CHE","SELFEMPWTEREDU","WOMEN","PC","A","1997",15.230162621,
"CHE","SELFEMPWTEREDU","WOMEN","PC","A","1998",16.325105667,"B"
"CHE","SELFEMPWTEREDU","WOMEN","PC","A","1999",16.269979477,
"CHE","SELFEMPWTEREDU","WOMEN","PC","A","2000",16.98969841,
"CHE","SELFEMPWTEREDU","WOMEN","PC","A","2001",16.800928116,
"CHE","SELFEMPWTEREDU","WOMEN","PC","A","2002",16.537570953,
"CHE","SELFEMPWTEREDU","WOMEN","PC","A","2003",15.509828568,
"CHE","SELFEMPWTEREDU","WOMEN","PC","A","2004",14.747471809,
"CHE","SELFEMPWTEREDU","WOMEN","PC","A","2005",13.686662674,"B"
"CHE","SELFEMPWTEREDU","WOMEN","PC","A","2006",13.695566177,
"CHE","SELFEMPWTEREDU","WOMEN","PC","A","2007",13.174014091,
"CHE","SELFEMPWTEREDU","WOMEN","PC","A","2008",13.141592979,
"CHE","SELFEMPWTEREDU","WOMEN","PC","A","2009",12.57622242,
"CHE","SELFEMPWTEREDU","WOMEN","PC","A","2010",12.142159462,"B"
"CHE","SELFEMPWTEREDU","WOMEN","PC","A","2011",11.80446434,
"CHE","SELFEMPWTEREDU","WOMEN","PC","A","2012",11.55213356,
"CHE","SELFEMPWTEREDU","WOMEN","PC","A","2013",11.488734245,
"CHE","SELFEMPWTEREDU","WOMEN","PC","A","2014",11.464298248,"B"
"CHE","SELFEMPWTEREDU","WOMEN","PC","A","2015",11.530923843,
"CHE","SELFEMPWTEREDU","WOMEN","PC","A","2016",11.555588722,
"CHE","SELFEMPWTEREDU","WOMEN","PC","A","2017",11.282118797,
"CHE","SELFEMPWTEREDU","WOMEN","PC","A","2018",10.925374031,
"CHE","SELFEMPWTEREDU","WOMEN","PC","A","2019",10.818623543,
"TUR","SELFEMPWTEREDU","MEN","PC","A","2006",17.197872162,
"TUR","SELFEMPWTEREDU","MEN","PC","A","2007",16.849292755,
"TUR","SELFEMPWTEREDU","MEN","PC","A","2008",16.170944214,
"TUR","SELFEMPWTEREDU","MEN","PC","A","2009",15.357366562,
"TUR","SELFEMPWTEREDU","MEN","PC","A","2010",14.37754631,
"TUR","SELFEMPWTEREDU","MEN","PC","A","2011",13.304027557,
"TUR","SELFEMPWTEREDU","MEN","PC","A","2012",12.604324341,
"TUR","SELFEMPWTEREDU","MEN","PC","A","2013",12.230821609,
"TUR","SELFEMPWTEREDU","MEN","PC","A","2014",12.158950806,"B"
"TUR","SELFEMPWTEREDU","MEN","PC","A","2015",12.358538628,
"TUR","SELFEMPWTEREDU","MEN","PC","A","2016",12.858062744,
"TUR","SELFEMPWTEREDU","MEN","PC","A","2017",13.314746857,
"TUR","SELFEMPWTEREDU","MEN","PC","A","2018",13.544323921,
"TUR","SELFEMPWTEREDU","MEN","PC","A","2019",13.521114349,
"TUR","SELFEMPWTEREDU","WOMEN","PC","A","2006",5.195681572,
"TUR","SELFEMPWTEREDU","WOMEN","PC","A","2007",5.0335607529,
"TUR","SELFEMPWTEREDU","WOMEN","PC","A","2008",4.974858284,
"TUR","SELFEMPWTEREDU","WOMEN","PC","A","2009",4.9495944977,
"TUR","SELFEMPWTEREDU","WOMEN","PC","A","2010",4.8855810165,
"TUR","SELFEMPWTEREDU","WOMEN","PC","A","2011",4.6026997566,
"TUR","SELFEMPWTEREDU","WOMEN","PC","A","2012",4.4371089935,
"TUR","SELFEMPWTEREDU","WOMEN","PC","A","2013",4.5961284637,
"TUR","SELFEMPWTEREDU","WOMEN","PC","A","2014",4.7399344444,"B"
"TUR","SELFEMPWTEREDU","WOMEN","PC","A","2015",4.9159450531,
"TUR","SELFEMPWTEREDU","WOMEN","PC","A","2016",5.0501503944,
"TUR","SELFEMPWTEREDU","WOMEN","PC","A","2017",5.1669974327,
"TUR","SELFEMPWTEREDU","WOMEN","PC","A","2018",5.3336305618,
"TUR","SELFEMPWTEREDU","WOMEN","PC","A","2019",5.3019685745,
"GBR","SELFEMPWTEREDU","MEN","PC","A","1992",13.872416496,
"GBR","SELFEMPWTEREDU","MEN","PC","A","1993",13.801642418,
"GBR","SELFEMPWTEREDU","MEN","PC","A","1994",13.902657509,
"GBR","SELFEMPWTEREDU","MEN","PC","A","1995",13.592499733,
"GBR","SELFEMPWTEREDU","MEN","PC","A","1996",13.544595718,
"GBR","SELFEMPWTEREDU","MEN","PC","A","1997",13.859039307,
"GBR","SELFEMPWTEREDU","MEN","PC","A","1999",14.232660294,"B"
"GBR","SELFEMPWTEREDU","MEN","PC","A","2000",14.358675957,
"GBR","SELFEMPWTEREDU","MEN","PC","A","2001",14.079868317,
"GBR","SELFEMPWTEREDU","MEN","PC","A","2002",14.020183563,
"GBR","SELFEMPWTEREDU","MEN","PC","A","2003",14.001105309,
"GBR","SELFEMPWTEREDU","MEN","PC","A","2004",14.107673645,"B"
"GBR","SELFEMPWTEREDU","MEN","PC","A","2005",14.149208069,"B"
"GBR","SELFEMPWTEREDU","MEN","PC","A","2006",14.566049576,
"GBR","SELFEMPWTEREDU","MEN","PC","A","2007",14.696097374,"B"
"GBR","SELFEMPWTEREDU","MEN","PC","A","2008",14.769641876,"B"
"GBR","SELFEMPWTEREDU","MEN","PC","A","2009",14.695801735,
"GBR","SELFEMPWTEREDU","MEN","PC","A","2010",14.938998222,"B"
"GBR","SELFEMPWTEREDU","MEN","PC","A","2011",15.233265877,"B"
"GBR","SELFEMPWTEREDU","MEN","PC","A","2012",15.277410507,
"GBR","SELFEMPWTEREDU","MEN","PC","A","2013",15.475707054,
"GBR","SELFEMPWTEREDU","MEN","PC","A","2014",15.65199852,"B"
"GBR","SELFEMPWTEREDU","MEN","PC","A","2015",16.064777374,
"GBR","SELFEMPWTEREDU","MEN","PC","A","2016",15.882390022,
"GBR","SELFEMPWTEREDU","MEN","PC","A","2017",15.574014664,
"GBR","SELFEMPWTEREDU","MEN","PC","A","2018",15.315325737,
"GBR","SELFEMPWTEREDU","MEN","PC","A","2019",15.273355484,
"GBR","SELFEMPWTEREDU","WOMEN","PC","A","1992",8.0922527313,
"GBR","SELFEMPWTEREDU","WOMEN","PC","A","1993",8.187037468,
"GBR","SELFEMPWTEREDU","WOMEN","PC","A","1994",8.1414890289,
"GBR","SELFEMPWTEREDU","WOMEN","PC","A","1995",7.9962644577,
"GBR","SELFEMPWTEREDU","WOMEN","PC","A","1996",7.7865748405,
"GBR","SELFEMPWTEREDU","WOMEN","PC","A","1997",7.7445693016,
"GBR","SELFEMPWTEREDU","WOMEN","PC","A","1999",8.0469808578,"B"
"GBR","SELFEMPWTEREDU","WOMEN","PC","A","2000",8.0425662994,
"GBR","SELFEMPWTEREDU","WOMEN","PC","A","2001",8.1461410522,
"GBR","SELFEMPWTEREDU","WOMEN","PC","A","2002",8.3614292145,
"GBR","SELFEMPWTEREDU","WOMEN","PC","A","2003",8.3706855774,
"GBR","SELFEMPWTEREDU","WOMEN","PC","A","2004",8.3404903412,"B"
"GBR","SELFEMPWTEREDU","WOMEN","PC","A","2005",8.216381073,"B"
"GBR","SELFEMPWTEREDU","WOMEN","PC","A","2006",8.500002861,
"GBR","SELFEMPWTEREDU","WOMEN","PC","A","2007",8.6434307098,"B"
"GBR","SELFEMPWTEREDU","WOMEN","PC","A","2008",8.7639303207,"B"
"GBR","SELFEMPWTEREDU","WOMEN","PC","A","2009",8.9639720917,
"GBR","SELFEMPWTEREDU","WOMEN","PC","A","2010",9.3767137527,"B"
"GBR","SELFEMPWTEREDU","WOMEN","PC","A","2011",9.6678934097,"B"
"GBR","SELFEMPWTEREDU","WOMEN","PC","A","2012",9.9299869537,
"GBR","SELFEMPWTEREDU","WOMEN","PC","A","2013",10.18723011,
"GBR","SELFEMPWTEREDU","WOMEN","PC","A","2014",10.466526031,"B"
"GBR","SELFEMPWTEREDU","WOMEN","PC","A","2015",10.925367355,
"GBR","SELFEMPWTEREDU","WOMEN","PC","A","2016",11.176537514,
"GBR","SELFEMPWTEREDU","WOMEN","PC","A","2017",11.25656414,
"GBR","SELFEMPWTEREDU","WOMEN","PC","A","2018",11.136885643,
"GBR","SELFEMPWTEREDU","WOMEN","PC","A","2019",11.104656219,
"USA","SELFEMPWTEREDU","MEN","PC","A","2000",14.274999619,
"USA","SELFEMPWTEREDU","MEN","PC","A","2001",14.258000374,
"USA","SELFEMPWTEREDU","MEN","PC","A","2002",14.345000267,
"USA","SELFEMPWTEREDU","MEN","PC","A","2003",14.401000023,
"USA","SELFEMPWTEREDU","MEN","PC","A","2004",14.487999916,
"USA","SELFEMPWTEREDU","MEN","PC","A","2005",14.458999634,
"USA","SELFEMPWTEREDU","MEN","PC","A","2006",14.531999588,
"USA","SELFEMPWTEREDU","MEN","PC","A","2007",14.324000359,
"USA","SELFEMPWTEREDU","MEN","PC","A","2008",14.039999962,
"USA","SELFEMPWTEREDU","MEN","PC","A","2009",13.505999565,
"USA","SELFEMPWTEREDU","MEN","PC","A","2010",13.133000374,
"USA","SELFEMPWTEREDU","MEN","PC","A","2011",12.63599968,
"USA","SELFEMPWTEREDU","MEN","PC","A","2012",12.300000191,
"USA","SELFEMPWTEREDU","MEN","PC","A","2013",11.993000031,
"USA","SELFEMPWTEREDU","MEN","PC","A","2014",11.765999794,
"USA","SELFEMPWTEREDU","MEN","PC","A","2015",11.55700016,
"USA","SELFEMPWTEREDU","MEN","PC","A","2016",11.338999748,
"USA","SELFEMPWTEREDU","MEN","PC","A","2017",11.163999557,
"USA","SELFEMPWTEREDU","MEN","PC","A","2018",11.052000046,
"USA","SELFEMPWTEREDU","WOMEN","PC","A","2000",8.2609996796,
"USA","SELFEMPWTEREDU","WOMEN","PC","A","2001",8.2489995956,
"USA","SELFEMPWTEREDU","WOMEN","PC","A","2002",8.406999588,
"USA","SELFEMPWTEREDU","WOMEN","PC","A","2003",8.5710000992,
"USA","SELFEMPWTEREDU","WOMEN","PC","A","2004",8.7390003204,
"USA","SELFEMPWTEREDU","WOMEN","PC","A","2005",8.6479997635,
"USA","SELFEMPWTEREDU","WOMEN","PC","A","2006",8.4799995422,
"USA","SELFEMPWTEREDU","WOMEN","PC","A","2007",8.2690000534,
"USA","SELFEMPWTEREDU","WOMEN","PC","A","2008",8.0690002441,
"USA","SELFEMPWTEREDU","WOMEN","PC","A","2009",7.8779997826,
"USA","SELFEMPWTEREDU","WOMEN","PC","A","2010",7.6479997635,
"USA","SELFEMPWTEREDU","WOMEN","PC","A","2011",7.5630002022,
"USA","SELFEMPWTEREDU","WOMEN","PC","A","2012",7.4730000496,
"USA","SELFEMPWTEREDU","WOMEN","PC","A","2013",7.4949998856,
"USA","SELFEMPWTEREDU","WOMEN","PC","A","2014",7.4010000229,
"USA","SELFEMPWTEREDU","WOMEN","PC","A","2015",7.4520001411,
"USA","SELFEMPWTEREDU","WOMEN","PC","A","2016",7.4590001106,
"USA","SELFEMPWTEREDU","WOMEN","PC","A","2017",7.6729998589,
"USA","SELFEMPWTEREDU","WOMEN","PC","A","2018",7.7329998016,
"CHL","SELFEMPWTEREDU","MEN","PC","A","2011",18.403770447,
"CHL","SELFEMPWTEREDU","MEN","PC","A","2012",18.891540527,
"CHL","SELFEMPWTEREDU","MEN","PC","A","2013",19.379310608,
"CHL","SELFEMPWTEREDU","WOMEN","PC","A","2011",14.656180382,
"CHL","SELFEMPWTEREDU","WOMEN","PC","A","2012",13.720999718,
"CHL","SELFEMPWTEREDU","WOMEN","PC","A","2013",12.785820007,
"EST","SELFEMPWTEREDU","MEN","PC","A","1997",11.354486465,
"EST","SELFEMPWTEREDU","MEN","PC","A","1998",11.964233398,"B"
"EST","SELFEMPWTEREDU","MEN","PC","A","1999",12.956127167,
"EST","SELFEMPWTEREDU","MEN","PC","A","2000",11.257714272,"N"
"EST","SELFEMPWTEREDU","MEN","PC","A","2001",11.892858505,"N"
"EST","SELFEMPWTEREDU","MEN","PC","A","2002",7.6963868141,
"EST","SELFEMPWTEREDU","MEN","PC","A","2003",13.727694511,
"EST","SELFEMPWTEREDU","MEN","PC","A","2004",14.839068413,
"EST","SELFEMPWTEREDU","MEN","PC","A","2005",14.543759346,"B"
"EST","SELFEMPWTEREDU","MEN","PC","A","2006",12.836351395,
"EST","SELFEMPWTEREDU","MEN","PC","A","2007",13.112891197,
"EST","SELFEMPWTEREDU","MEN","PC","A","2008",13.410686493,
"EST","SELFEMPWTEREDU","MEN","PC","A","2009",14.0846138,
"EST","SELFEMPWTEREDU","MEN","PC","A","2010",15.014456749,
"EST","SELFEMPWTEREDU","MEN","PC","A","2011",15.575343132,
"EST","SELFEMPWTEREDU","MEN","PC","A","2012",16.351795197,
"EST","SELFEMPWTEREDU","MEN","PC","A","2013",17.204374313,
"EST","SELFEMPWTEREDU","MEN","PC","A","2014",17.172740936,"B"
"EST","SELFEMPWTEREDU","MEN","PC","A","2015",16.175203323,
"EST","SELFEMPWTEREDU","MEN","PC","A","2016",16.114616394,
"EST","SELFEMPWTEREDU","MEN","PC","A","2017",16.233863831,
"EST","SELFEMPWTEREDU","MEN","PC","A","2018",17.612426758,
"EST","SELFEMPWTEREDU","MEN","PC","A","2019",17.754013062,
"EST","SELFEMPWTEREDU","WOMEN","PC","A","1997",4.5957398415,"N"
"EST","SELFEMPWTEREDU","WOMEN","PC","A","1998",5.2203269005,"B"
"EST","SELFEMPWTEREDU","WOMEN","PC","A","1999",6.1366629601,
"EST","SELFEMPWTEREDU","WOMEN","PC","A","2000",6.2505478859,"N"
"EST","SELFEMPWTEREDU","WOMEN","PC","A","2001",1.9572952986,
"EST","SELFEMPWTEREDU","WOMEN","PC","A","2002",2.1367518902,
"EST","SELFEMPWTEREDU","WOMEN","PC","A","2003",6.0449953079,"N"
"EST","SELFEMPWTEREDU","WOMEN","PC","A","2004",5.8091392517,"N"
"EST","SELFEMPWTEREDU","WOMEN","PC","A","2005",5.4508423805,"B"
"EST","SELFEMPWTEREDU","WOMEN","PC","A","2006",5.3742618561,
"EST","SELFEMPWTEREDU","WOMEN","PC","A","2007",5.2677602768,
"EST","SELFEMPWTEREDU","WOMEN","PC","A","2008",5.1153211594,
"EST","SELFEMPWTEREDU","WOMEN","PC","A","2009",4.861497879,
"EST","SELFEMPWTEREDU","WOMEN","PC","A","2010",4.9293117523,
"EST","SELFEMPWTEREDU","WOMEN","PC","A","2011",5.0725803375,
"EST","SELFEMPWTEREDU","WOMEN","PC","A","2012",5.4693956375,
"EST","SELFEMPWTEREDU","WOMEN","PC","A","2013",5.9499378204,
"EST","SELFEMPWTEREDU","WOMEN","PC","A","2014",6.6598052979,"B"
"EST","SELFEMPWTEREDU","WOMEN","PC","A","2015",7.1821289063,
"EST","SELFEMPWTEREDU","WOMEN","PC","A","2016",7.2716789246,
"EST","SELFEMPWTEREDU","WOMEN","PC","A","2017",7.4043865204,
"EST","SELFEMPWTEREDU","WOMEN","PC","A","2018",7.560628891,
"EST","SELFEMPWTEREDU","WOMEN","PC","A","2019",7.9616780281,
"LVA","SELFEMPWTEREDU","MEN","PC","A","1998",15.090213776,"B"
"LVA","SELFEMPWTEREDU","MEN","PC","A","1999",15.681678772,
"LVA","SELFEMPWTEREDU","MEN","PC","A","2000",17.566696167,
"LVA","SELFEMPWTEREDU","MEN","PC","A","2001",17.071645737,"N"
"LVA","SELFEMPWTEREDU","MEN","PC","A","2002",14.971813202,"B"
"LVA","SELFEMPWTEREDU","MEN","PC","A","2003",8.3484363556,
"LVA","SELFEMPWTEREDU","MEN","PC","A","2004",12.755487442,"N"
"LVA","SELFEMPWTEREDU","MEN","PC","A","2005",12.051664352,"B"
"LVA","SELFEMPWTEREDU","MEN","PC","A","2006",12.935883522,
"LVA","SELFEMPWTEREDU","MEN","PC","A","2007",13.266391754,
"LVA","SELFEMPWTEREDU","MEN","PC","A","2008",14.127230644,
"LVA","SELFEMPWTEREDU","MEN","PC","A","2009",14.421236038,
"LVA","SELFEMPWTEREDU","MEN","PC","A","2010",14.166067123,
"LVA","SELFEMPWTEREDU","MEN","PC","A","2011",14.0998106,
"LVA","SELFEMPWTEREDU","MEN","PC","A","2012",14.632791519,
"LVA","SELFEMPWTEREDU","MEN","PC","A","2013",15.449051857,
"LVA","SELFEMPWTEREDU","MEN","PC","A","2014",15.674238205,"B"
"LVA","SELFEMPWTEREDU","MEN","PC","A","2015",15.51444149,
"LVA","SELFEMPWTEREDU","MEN","PC","A","2016",15.44567585,
"LVA","SELFEMPWTEREDU","MEN","PC","A","2017",15.048664093,
"LVA","SELFEMPWTEREDU","MEN","PC","A","2018",14.703496933,
"LVA","SELFEMPWTEREDU","MEN","PC","A","2019",14.210417747,
"LVA","SELFEMPWTEREDU","WOMEN","PC","A","1998",4.7809505463,"B"
"LVA","SELFEMPWTEREDU","WOMEN","PC","A","1999",5.2332558632,
"LVA","SELFEMPWTEREDU","WOMEN","PC","A","2000",6.6331682205,
"LVA","SELFEMPWTEREDU","WOMEN","PC","A","2001",2.0459554195,
"LVA","SELFEMPWTEREDU","WOMEN","PC","A","2002",0,"N"
"LVA","SELFEMPWTEREDU","WOMEN","PC","A","2003",3.0102183819,
"LVA","SELFEMPWTEREDU","WOMEN","PC","A","2004",7.3593883514,
"LVA","SELFEMPWTEREDU","WOMEN","PC","A","2005",7.4677891731,"B"
"LVA","SELFEMPWTEREDU","WOMEN","PC","A","2006",6.1669726372,
"LVA","SELFEMPWTEREDU","WOMEN","PC","A","2007",5.4632840157,
"LVA","SELFEMPWTEREDU","WOMEN","PC","A","2008",5.3897356987,
"LVA","SELFEMPWTEREDU","WOMEN","PC","A","2009",5.9295740128,
"LVA","SELFEMPWTEREDU","WOMEN","PC","A","2010",6.5696897507,
"LVA","SELFEMPWTEREDU","WOMEN","PC","A","2011",6.939084053,
"LVA","SELFEMPWTEREDU","WOMEN","PC","A","2012",7.3925471306,
"LVA","SELFEMPWTEREDU","WOMEN","PC","A","2013",7.6041488647,
"LVA","SELFEMPWTEREDU","WOMEN","PC","A","2014",7.8434739113,"B"
"LVA","SELFEMPWTEREDU","WOMEN","PC","A","2015",7.9011626244,
"LVA","SELFEMPWTEREDU","WOMEN","PC","A","2016",8.5381546021,
"LVA","SELFEMPWTEREDU","WOMEN","PC","A","2017",8.9344520569,
"LVA","SELFEMPWTEREDU","WOMEN","PC","A","2018",9.1754894257,
"LVA","SELFEMPWTEREDU","WOMEN","PC","A","2019",9.1308803558,
"LTU","SELFEMPWTEREDU","MEN","PC","A","1998",16.729509354,"B"
"LTU","SELFEMPWTEREDU","MEN","PC","A","1999",15.680516243,
"LTU","SELFEMPWTEREDU","MEN","PC","A","2000",13.787794113,"B"
"LTU","SELFEMPWTEREDU","MEN","PC","A","2001",12.606448174,
"LTU","SELFEMPWTEREDU","MEN","PC","A","2002",12.945270538,"N"
"LTU","SELFEMPWTEREDU","MEN","PC","A","2003",12.202578545,
"LTU","SELFEMPWTEREDU","MEN","PC","A","2004",11.645449638,"N"
"LTU","SELFEMPWTEREDU","MEN","PC","A","2005",11.092154503,"N"
"LTU","SELFEMPWTEREDU","MEN","PC","A","2006",12.08450222,"N"
"LTU","SELFEMPWTEREDU","MEN","PC","A","2007",12.595812798,
"LTU","SELFEMPWTEREDU","MEN","PC","A","2008",12.362542152,
"LTU","SELFEMPWTEREDU","MEN","PC","A","2009",11.434851646,
"LTU","SELFEMPWTEREDU","MEN","PC","A","2010",10.84992981,
"LTU","SELFEMPWTEREDU","MEN","PC","A","2011",10.595880508,
"LTU","SELFEMPWTEREDU","MEN","PC","A","2012",11.378068924,
"LTU","SELFEMPWTEREDU","MEN","PC","A","2013",11.605809212,
"LTU","SELFEMPWTEREDU","MEN","PC","A","2014",11.604745865,"B"
"LTU","SELFEMPWTEREDU","MEN","PC","A","2015",11.966245651,
"LTU","SELFEMPWTEREDU","MEN","PC","A","2016",12.789197922,
"LTU","SELFEMPWTEREDU","MEN","PC","A","2017",13.440693855,
"LTU","SELFEMPWTEREDU","MEN","PC","A","2018",13.61448288,
"LTU","SELFEMPWTEREDU","MEN","PC","A","2019",13.760938644,
"LTU","SELFEMPWTEREDU","WOMEN","PC","A","1998",8.0670509338,"B"
"LTU","SELFEMPWTEREDU","WOMEN","PC","A","1999",7.7932305336,
"LTU","SELFEMPWTEREDU","WOMEN","PC","A","2000",6.6920599937,"B"
"LTU","SELFEMPWTEREDU","WOMEN","PC","A","2001",5.4873857498,"N"
"LTU","SELFEMPWTEREDU","WOMEN","PC","A","2002",4.6659345627,"N"
"LTU","SELFEMPWTEREDU","WOMEN","PC","A","2003",4.5998444557,"N"
"LTU","SELFEMPWTEREDU","WOMEN","PC","A","2004",4.6346931458,"N"
"LTU","SELFEMPWTEREDU","WOMEN","PC","A","2005",4.8920702934,"N"
"LTU","SELFEMPWTEREDU","WOMEN","PC","A","2006",4.8960962296,"N"
"LTU","SELFEMPWTEREDU","WOMEN","PC","A","2007",4.5400424004,"N"
"LTU","SELFEMPWTEREDU","WOMEN","PC","A","2008",4.02825737,"N"
"LTU","SELFEMPWTEREDU","WOMEN","PC","A","2009",3.9215319157,
"LTU","SELFEMPWTEREDU","WOMEN","PC","A","2010",4.0827445984,
"LTU","SELFEMPWTEREDU","WOMEN","PC","A","2011",4.0501766205,
"LTU","SELFEMPWTEREDU","WOMEN","PC","A","2012",4.2079815865,
"LTU","SELFEMPWTEREDU","WOMEN","PC","A","2013",4.4920015335,
"LTU","SELFEMPWTEREDU","WOMEN","PC","A","2014",5.2042574883,"B"
"LTU","SELFEMPWTEREDU","WOMEN","PC","A","2015",5.6957345009,
"LTU","SELFEMPWTEREDU","WOMEN","PC","A","2016",5.9723448753,
"LTU","SELFEMPWTEREDU","WOMEN","PC","A","2017",6.1928882599,
"LTU","SELFEMPWTEREDU","WOMEN","PC","A","2018",6.4101881981,
"LTU","SELFEMPWTEREDU","WOMEN","PC","A","2019",6.665804863,
"SVN","SELFEMPWTEREDU","MEN","PC","A","1996",14.91528511,"N"
"SVN","SELFEMPWTEREDU","MEN","PC","A","1997",14.576291084,"N"
"SVN","SELFEMPWTEREDU","MEN","PC","A","1998",14.160710335,"N"
"SVN","SELFEMPWTEREDU","MEN","PC","A","1999",13.135315895,"N"
"SVN","SELFEMPWTEREDU","MEN","PC","A","2000",13.074306488,"N"
"SVN","SELFEMPWTEREDU","MEN","PC","A","2001",11.965539932,"N"
"SVN","SELFEMPWTEREDU","MEN","PC","A","2002",12.398619652,"N"
"SVN","SELFEMPWTEREDU","MEN","PC","A","2003",11.820340157,"N"
"SVN","SELFEMPWTEREDU","MEN","PC","A","2004",11.637085915,"N"
"SVN","SELFEMPWTEREDU","MEN","PC","A","2005",11.383232117,"B"
"SVN","SELFEMPWTEREDU","MEN","PC","A","2006",11.329146385,
"SVN","SELFEMPWTEREDU","MEN","PC","A","2007",11.028028488,
"SVN","SELFEMPWTEREDU","MEN","PC","A","2008",11.066048622,
"SVN","SELFEMPWTEREDU","MEN","PC","A","2009",12.022195816,
"SVN","SELFEMPWTEREDU","MEN","PC","A","2010",13.128843307,
"SVN","SELFEMPWTEREDU","MEN","PC","A","2011",13.547344208,
"SVN","SELFEMPWTEREDU","MEN","PC","A","2012",12.997238159,
"SVN","SELFEMPWTEREDU","MEN","PC","A","2013",12.972412109,
"SVN","SELFEMPWTEREDU","MEN","PC","A","2014",13.19716835,"B"
"SVN","SELFEMPWTEREDU","MEN","PC","A","2015",13.187144279,
"SVN","SELFEMPWTEREDU","MEN","PC","A","2016",13.874694824,
"SVN","SELFEMPWTEREDU","MEN","PC","A","2017",14.428239822,
"SVN","SELFEMPWTEREDU","MEN","PC","A","2018",15.765190125,
"SVN","SELFEMPWTEREDU","MEN","PC","A","2019",16.112071991,
"SVN","SELFEMPWTEREDU","WOMEN","PC","A","1996",4.6467847824,"N"
"SVN","SELFEMPWTEREDU","WOMEN","PC","A","1997",4.5106601715,"N"
"SVN","SELFEMPWTEREDU","WOMEN","PC","A","1998",4.8726501465,"N"
"SVN","SELFEMPWTEREDU","WOMEN","PC","A","1999",4.7990546227,"N"
"SVN","SELFEMPWTEREDU","WOMEN","PC","A","2000",5.1406369209,"N"
"SVN","SELFEMPWTEREDU","WOMEN","PC","A","2001",4.616212368,"N"
"SVN","SELFEMPWTEREDU","WOMEN","PC","A","2002",4.5762796402,"N"
"SVN","SELFEMPWTEREDU","WOMEN","PC","A","2003",4.6702647209,"N"
"SVN","SELFEMPWTEREDU","WOMEN","PC","A","2004",4.4945006371,"N"
"SVN","SELFEMPWTEREDU","WOMEN","PC","A","2005",5.0115146637,"B"
"SVN","SELFEMPWTEREDU","WOMEN","PC","A","2006",4.4263558388,
"SVN","SELFEMPWTEREDU","WOMEN","PC","A","2007",4.1871962547,
"SVN","SELFEMPWTEREDU","WOMEN","PC","A","2008",3.922618866,
"SVN","SELFEMPWTEREDU","WOMEN","PC","A","2009",5.1857223511,
"SVN","SELFEMPWTEREDU","WOMEN","PC","A","2010",6.6117892265,
"SVN","SELFEMPWTEREDU","WOMEN","PC","A","2011",7.2208766937,
"SVN","SELFEMPWTEREDU","WOMEN","PC","A","2012",6.8050508499,
"SVN","SELFEMPWTEREDU","WOMEN","PC","A","2013",6.4888091087,
"SVN","SELFEMPWTEREDU","WOMEN","PC","A","2014",6.8274798393,"B"
"SVN","SELFEMPWTEREDU","WOMEN","PC","A","2015",7.3771414757,
"SVN","SELFEMPWTEREDU","WOMEN","PC","A","2016",7.7817778587,
"SVN","SELFEMPWTEREDU","WOMEN","PC","A","2017",8.3219900131,
"SVN","SELFEMPWTEREDU","WOMEN","PC","A","2018",8.2755680084,
"SVN","SELFEMPWTEREDU","WOMEN","PC","A","2019",8.3187437057,
"OECD","SELFEMPWTEREDU","MEN","PC","A","2011",17.072572708,
"OECD","SELFEMPWTEREDU","MEN","PC","A","2012",17.066984177,
"OECD","SELFEMPWTEREDU","MEN","PC","A","2013",17.081073761,
"OECD","SELFEMPWTEREDU","MEN","PC","A","2014",16.896596909,
"OECD","SELFEMPWTEREDU","MEN","PC","A","2015",16.814224243,
"OECD","SELFEMPWTEREDU","MEN","PC","A","2016",16.615169525,
"OECD","SELFEMPWTEREDU","MEN","PC","A","2017",16.407781601,
"OECD","SELFEMPWTEREDU","WOMEN","PC","A","2011",9.5941028595,
"OECD","SELFEMPWTEREDU","WOMEN","PC","A","2012",9.6271600723,
"OECD","SELFEMPWTEREDU","WOMEN","PC","A","2013",9.6527004242,
"OECD","SELFEMPWTEREDU","WOMEN","PC","A","2014",9.5979413986,
"OECD","SELFEMPWTEREDU","WOMEN","PC","A","2015",9.6087198257,
"OECD","SELFEMPWTEREDU","WOMEN","PC","A","2016",9.6879911423,
"OECD","SELFEMPWTEREDU","WOMEN","PC","A","2017",9.700627327,
